T,rst,prev_Q,exp_Q,act_Q,testcase_id,module_name,coverage,runtime_seconds,pass_fail,pass_rate,final_score,priority_rank,action
0,0,0,0,0,T_FF_test_3,T_FF,37,35,FAIL,0.75,0.6855,P1,run_early
0,0,0,0,0,T_FF_test_2,T_FF,25,25,PASS,1.0,0.6209677419354839,P1,run_early
1,1,0,0,0,T_FF_test_36,T_FF,100,365,PASS,0.7297297297297297,0.6055313219088999,P1,run_early
1,0,0,1,0,T_FF_test_97,T_FF,100,975,PASS,0.8061224489795918,0.601530612244898,P1,run_early
1,1,0,0,0,T_FF_test_37,T_FF,100,375,PASS,0.7368421052631579,0.6010739442979446,P1,run_early
1,1,0,0,0,T_FF_test_96,T_FF,100,965,PASS,0.8041237113402062,0.6010309278350516,P1,run_early
1,0,0,1,0,T_FF_test_95,T_FF,100,955,PASS,0.8020833333333334,0.6005208333333334,P1,run_early
0,0,0,0,1,T_FF_test_99,T_FF,100,995,PASS,0.8,0.6000000000000001,P1,run_early
0,0,1,1,1,T_FF_test_94,T_FF,100,945,PASS,0.8,0.6000000000000001,P1,run_early
1,0,1,0,1,T_FF_test_104,T_FF,100,1045,PASS,0.8,0.6000000000000001,P1,run_early
1,0,1,0,0,T_FF_test_103,T_FF,100,1035,PASS,0.7980769230769231,0.5995192307692307,P1,run_early
0,0,0,0,1,T_FF_test_98,T_FF,100,985,FAIL,0.797979797979798,0.5994949494949495,P1,run_early
0,1,1,0,0,T_FF_test_93,T_FF,100,935,PASS,0.7978723404255319,0.5994680851063829,P1,run_early
1,0,0,1,0,T_FF_test_88,T_FF,100,885,PASS,0.797752808988764,0.599438202247191,P1,run_early
0,1,0,0,0,T_FF_test_83,T_FF,100,835,PASS,0.7976190476190477,0.599404761904762,P1,run_early
0,0,0,0,0,T_FF_test_102,T_FF,100,1025,PASS,0.7961165048543689,0.5990291262135923,P1,run_early
0,1,0,0,0,T_FF_test_92,T_FF,100,925,PASS,0.7956989247311828,0.5989247311827957,P1,run_early
1,1,0,0,0,T_FF_test_87,T_FF,100,875,PASS,0.7954545454545454,0.5988636363636364,P1,run_early
1,1,0,0,0,T_FF_test_82,T_FF,100,825,PASS,0.7951807228915663,0.5987951807228916,P1,run_early
0,1,0,0,0,T_FF_test_106,T_FF,100,1065,PASS,0.794392523364486,0.5985981308411215,P1,run_early
1,0,0,1,0,T_FF_test_101,T_FF,100,1015,PASS,0.7941176470588235,0.5985294117647059,P1,run_early
0,0,0,0,1,T_FF_test_91,T_FF,100,915,PASS,0.7934782608695652,0.5983695652173913,P1,run_early
1,0,1,0,1,T_FF_test_86,T_FF,100,865,PASS,0.7931034482758621,0.5982758620689655,P1,run_early
1,0,1,0,0,T_FF_test_81,T_FF,100,815,PASS,0.7926829268292683,0.598170731707317,P1,run_early
0,1,0,0,0,T_FF_test_105,T_FF,100,1055,FAIL,0.7924528301886793,0.5981132075471698,P1,run_early
1,1,0,0,0,T_FF_test_100,T_FF,100,1005,FAIL,0.7920792079207921,0.5980198019801981,P1,run_early
1,1,0,0,0,T_FF_test_90,T_FF,100,905,PASS,0.7912087912087912,0.5978021978021978,P1,run_early
1,1,0,0,0,T_FF_test_85,T_FF,100,855,PASS,0.7906976744186046,0.5976744186046512,P1,run_early
0,0,0,0,0,T_FF_test_80,T_FF,100,805,PASS,0.7901234567901234,0.5975308641975309,P1,run_early
1,1,0,0,0,T_FF_test_118,T_FF,100,1185,PASS,0.7899159663865546,0.5974789915966386,P1,run_early
0,0,0,0,0,T_FF_test_108,T_FF,100,1085,PASS,0.7889908256880734,0.5972477064220184,P1,run_early
0,1,0,0,0,T_FF_test_89,T_FF,100,895,FAIL,0.7888888888888889,0.5972222222222222,P1,run_early
0,1,0,0,0,T_FF_test_122,T_FF,100,1225,PASS,0.7886178861788617,0.5971544715447155,P1,run_early
0,1,0,0,0,T_FF_test_84,T_FF,100,845,FAIL,0.788235294117647,0.5970588235294118,P1,run_early
1,0,0,1,0,T_FF_test_117,T_FF,100,1175,PASS,0.788135593220339,0.5970338983050848,P1,run_early
1,0,0,1,1,T_FF_test_79,T_FF,100,795,PASS,0.7875,0.596875,P1,run_early
1,1,1,0,0,T_FF_test_38,T_FF,100,385,PASS,0.7435897435897436,0.5968484638098545,P1,run_early
0,0,0,0,0,T_FF_test_107,T_FF,100,1075,FAIL,0.7870370370370371,0.5967592592592593,P1,run_early
1,1,0,0,0,T_FF_test_121,T_FF,100,1215,PASS,0.7868852459016393,0.5967213114754099,P1,run_early
0,0,0,0,0,T_FF_test_116,T_FF,100,1165,PASS,0.7863247863247863,0.5965811965811966,P1,run_early
0,0,0,0,0,T_FF_test_120,T_FF,100,1205,PASS,0.7851239669421488,0.5962809917355372,P1,run_early
1,1,0,0,0,T_FF_test_78,T_FF,100,785,PASS,0.7848101265822784,0.5962025316455697,P1,run_early
1,0,0,1,0,T_FF_test_115,T_FF,100,1155,PASS,0.7844827586206896,0.5961206896551724,P1,run_early
0,0,0,0,1,T_FF_test_110,T_FF,100,1105,PASS,0.7837837837837838,0.595945945945946,P1,run_early
0,1,1,0,0,T_FF_test_119,T_FF,100,1195,FAIL,0.7833333333333333,0.5958333333333333,P1,run_early
1,1,0,0,0,T_FF_test_128,T_FF,100,1285,PASS,0.7829457364341085,0.5957364341085272,P1,run_early
1,1,0,0,0,T_FF_test_114,T_FF,100,1145,PASS,0.782608695652174,0.5956521739130435,P1,run_early
1,0,0,1,0,T_FF_test_123,T_FF,100,1235,FAIL,0.782258064516129,0.5955645161290323,P1,run_early
1,1,0,0,0,T_FF_test_77,T_FF,100,775,PASS,0.782051282051282,0.5955128205128205,P1,run_early
1,1,0,0,0,T_FF_test_109,T_FF,100,1095,FAIL,0.7818181818181819,0.5954545454545455,P1,run_early
1,1,0,0,0,T_FF_test_127,T_FF,100,1275,PASS,0.78125,0.5953125,P1,run_early
1,1,0,0,0,T_FF_test_113,T_FF,100,1135,PASS,0.7807017543859649,0.5951754385964912,P1,run_early
1,1,0,0,0,T_FF_test_126,T_FF,100,1265,PASS,0.7795275590551181,0.5948818897637795,P1,run_early
1,0,0,1,0,T_FF_test_135,T_FF,100,1355,PASS,0.7794117647058824,0.5948529411764706,P1,run_early
0,1,0,0,0,T_FF_test_76,T_FF,100,765,PASS,0.7792207792207793,0.5948051948051949,P1,run_early
1,1,0,0,0,T_FF_test_112,T_FF,100,1125,PASS,0.7787610619469026,0.5946902654867257,P1,run_early
0,1,0,0,0,T_FF_test_125,T_FF,100,1255,PASS,0.7777777777777778,0.5944444444444444,P1,run_early
0,1,0,0,0,T_FF_test_134,T_FF,100,1345,PASS,0.7777777777777778,0.5944444444444444,P1,run_early
0,0,0,0,0,T_FF_test_138,T_FF,100,1385,PASS,0.7769784172661871,0.5942446043165468,P1,run_early
1,1,0,0,0,T_FF_test_129,T_FF,100,1295,FAIL,0.7769230769230769,0.5942307692307692,P1,run_early
0,1,0,0,0,T_FF_test_111,T_FF,100,1115,FAIL,0.7767857142857143,0.5941964285714286,P1,run_early
1,0,0,1,0,T_FF_test_75,T_FF,100,755,PASS,0.7763157894736842,0.594078947368421,P1,run_early
1,0,0,1,1,T_FF_test_133,T_FF,100,1335,PASS,0.7761194029850746,0.5940298507462687,P1,run_early
0,0,1,1,0,T_FF_test_124,T_FF,100,1245,FAIL,0.776,0.5940000000000001,P1,run_early
1,1,0,0,0,T_FF_test_137,T_FF,100,1375,PASS,0.7753623188405797,0.5938405797101449,P1,run_early
1,1,0,0,0,T_FF_test_132,T_FF,100,1325,PASS,0.7744360902255639,0.593609022556391,P1,run_early
0,0,0,0,0,T_FF_test_136,T_FF,100,1365,FAIL,0.7737226277372263,0.5934306569343066,P1,run_early
1,1,0,0,0,T_FF_test_74,T_FF,100,745,PASS,0.7733333333333333,0.5933333333333334,P1,run_early
0,0,0,0,0,T_FF_test_140,T_FF,100,1405,PASS,0.7730496453900709,0.5932624113475178,P1,run_early
0,1,0,0,0,T_FF_test_131,T_FF,100,1315,PASS,0.7727272727272727,0.5931818181818183,P1,run_early
1,0,0,1,0,T_FF_test_69,T_FF,100,695,PASS,0.7714285714285715,0.5928571428571429,P1,run_early
0,1,0,0,0,T_FF_test_139,T_FF,100,1395,FAIL,0.7714285714285715,0.5928571428571429,P1,run_early
0,1,0,0,0,T_FF_test_39,T_FF,100,395,PASS,0.75,0.5928372434017595,P1,run_early
0,0,0,0,0,T_FF_test_130,T_FF,100,1305,FAIL,0.7709923664122137,0.5927480916030534,P1,run_early
0,0,0,0,0,T_FF_test_60,T_FF,100,605,PASS,0.7704918032786885,0.5926229508196721,P1,run_early
1,1,0,0,0,T_FF_test_73,T_FF,100,735,PASS,0.7702702702702703,0.5925675675675676,P1,run_early
0,1,0,0,0,T_FF_test_151,T_FF,100,1515,PASS,0.7697368421052632,0.5924342105263158,P1,run_early
0,1,0,0,0,T_FF_test_246,T_FF,100,2465,PASS,0.7692307692307693,0.5923076923076923,P1,run_early
1,1,0,0,0,T_FF_test_250,T_FF,100,2505,PASS,0.7689243027888446,0.5922310756972111,P1,run_early
0,1,0,0,0,T_FF_test_284,T_FF,100,2845,PASS,0.7684210526315789,0.5921052631578947,P1,run_early
1,1,0,0,0,T_FF_test_245,T_FF,100,2455,PASS,0.7682926829268293,0.5920731707317073,P1,run_early
1,1,0,0,0,T_FF_test_150,T_FF,100,1505,PASS,0.7682119205298014,0.5920529801324503,P1,run_early
1,1,0,0,0,T_FF_test_68,T_FF,100,685,PASS,0.7681159420289855,0.5920289855072464,P1,run_early
0,1,0,0,0,T_FF_test_249,T_FF,100,2495,PASS,0.768,0.5920000000000001,P1,run_early
1,0,0,1,0,T_FF_test_279,T_FF,100,2795,PASS,0.7678571428571429,0.5919642857142857,P1,run_early
1,0,0,1,1,T_FF_test_141,T_FF,100,1415,FAIL,0.7676056338028169,0.5919014084507043,P1,run_early
0,1,1,0,0,T_FF_test_283,T_FF,100,2835,PASS,0.7676056338028169,0.5919014084507043,P1,run_early
0,0,0,0,0,T_FF_test_287,T_FF,100,2875,PASS,0.7673611111111112,0.5918402777777778,P1,run_early
1,1,0,0,0,T_FF_test_244,T_FF,100,2445,PASS,0.7673469387755102,0.5918367346938775,P1,run_early
1,0,0,1,0,T_FF_test_274,T_FF,100,2745,PASS,0.7672727272727272,0.5918181818181818,P1,run_early
1,1,0,0,0,T_FF_test_72,T_FF,100,725,PASS,0.7671232876712328,0.5917808219178082,P1,run_early
1,1,0,0,0,T_FF_test_248,T_FF,100,2485,PASS,0.7670682730923695,0.5917670682730924,P1,run_early
1,1,0,0,0,T_FF_test_278,T_FF,100,2785,PASS,0.7670250896057348,0.5917562724014337,P1,run_early
0,1,0,0,0,T_FF_test_282,T_FF,100,2825,PASS,0.7667844522968198,0.591696113074205,P1,run_early
0,0,0,0,0,T_FF_test_59,T_FF,100,595,PASS,0.7666666666666667,0.5916666666666667,P1,run_early
1,1,0,0,0,T_FF_test_149,T_FF,100,1495,PASS,0.7666666666666667,0.5916666666666667,P1,run_early
0,1,0,0,0,T_FF_test_286,T_FF,100,2865,PASS,0.7665505226480837,0.5916376306620209,P1,run_early
0,0,0,0,0,T_FF_test_273,T_FF,100,2735,PASS,0.7664233576642335,0.5916058394160584,P1,run_early
1,0,0,1,0,T_FF_test_243,T_FF,100,2435,PASS,0.7663934426229508,0.5915983606557378,P1,run_early
1,1,0,0,0,T_FF_test_277,T_FF,100,2775,PASS,0.7661870503597122,0.5915467625899281,P1,run_early
1,0,0,1,0,T_FF_test_247,T_FF,100,2475,FAIL,0.7661290322580645,0.5915322580645161,P1,run_early
0,1,0,0,0,T_FF_test_281,T_FF,100,2815,PASS,0.7659574468085106,0.5914893617021277,P1,run_early
0,1,0,0,0,T_FF_test_251,T_FF,100,2515,FAIL,0.7658730158730159,0.591468253968254,P1,run_early
1,1,0,0,0,T_FF_test_285,T_FF,100,2855,FAIL,0.7657342657342657,0.5914335664335665,P1,run_early
1,1,0,0,0,T_FF_test_255,T_FF,100,2555,PASS,0.765625,0.59140625,P1,run_early
1,0,0,1,0,T_FF_test_272,T_FF,100,2725,PASS,0.7655677655677655,0.5913919413919414,P1,run_early
0,1,0,0,0,T_FF_test_289,T_FF,100,2895,PASS,0.7655172413793103,0.5913793103448276,P1,run_early
1,0,0,1,0,T_FF_test_242,T_FF,100,2425,PASS,0.7654320987654321,0.591358024691358,P1,run_early
0,1,0,0,0,T_FF_test_259,T_FF,100,2595,PASS,0.7653846153846153,0.5913461538461539,P1,run_early
1,0,0,1,0,T_FF_test_276,T_FF,100,2765,PASS,0.7653429602888087,0.5913357400722021,P1,run_early
1,1,0,0,0,T_FF_test_280,T_FF,100,2805,FAIL,0.7651245551601423,0.5912811387900356,P1,run_early
1,0,0,1,0,T_FF_test_148,T_FF,100,1485,PASS,0.7651006711409396,0.5912751677852349,P1,run_early
1,1,0,0,0,T_FF_test_267,T_FF,100,2675,PASS,0.7649253731343284,0.5912313432835821,P1,run_early
0,0,0,0,0,T_FF_test_271,T_FF,100,2715,PASS,0.7647058823529411,0.5911764705882353,P1,run_early
0,0,0,0,0,T_FF_test_288,T_FF,100,2885,FAIL,0.7647058823529411,0.5911764705882353,P1,run_early
0,0,0,0,0,T_FF_test_152,T_FF,100,1525,FAIL,0.7647058823529411,0.5911764705882353,P1,run_early
0,1,0,0,0,T_FF_test_67,T_FF,100,675,PASS,0.7647058823529411,0.5911764705882353,P1,run_early
1,1,0,0,0,T_FF_test_254,T_FF,100,2545,PASS,0.7647058823529411,0.5911764705882353,P1,run_early
0,1,0,0,0,T_FF_test_275,T_FF,100,2755,FAIL,0.7644927536231884,0.5911231884057971,P1,run_early
1,0,0,1,0,T_FF_test_258,T_FF,100,2585,PASS,0.7644787644787645,0.5911196911196912,P1,run_early
1,0,0,1,1,T_FF_test_241,T_FF,100,2415,PASS,0.7644628099173554,0.5911157024793389,P1,run_early
1,0,1,0,0,T_FF_test_262,T_FF,100,2625,PASS,0.7642585551330798,0.59106463878327,P1,run_early
1,1,0,0,0,T_FF_test_266,T_FF,100,2665,PASS,0.7640449438202247,0.5910112359550562,P1,run_early
1,0,0,1,0,T_FF_test_71,T_FF,100,715,PASS,0.7638888888888888,0.5909722222222222,P1,run_early
0,0,0,0,1,T_FF_test_270,T_FF,100,2705,PASS,0.7638376383763837,0.590959409594096,P1,run_early
0,1,1,0,0,T_FF_test_253,T_FF,100,2535,PASS,0.7637795275590551,0.5909448818897638,P1,run_early
0,0,0,0,0,T_FF_test_257,T_FF,100,2575,PASS,0.7635658914728682,0.5908914728682171,P1,run_early
0,0,0,0,0,T_FF_test_147,T_FF,100,1475,PASS,0.7635135135135135,0.5908783783783784,P1,run_early
0,1,0,0,0,T_FF_test_240,T_FF,100,2405,PASS,0.7634854771784232,0.5908713692946058,P1,run_early
1,0,0,1,0,T_FF_test_261,T_FF,100,2615,PASS,0.7633587786259542,0.5908396946564886,P1,run_early
0,0,0,0,1,T_FF_test_265,T_FF,100,2655,PASS,0.7631578947368421,0.5907894736842105,P1,run_early
1,1,1,0,0,T_FF_test_269,T_FF,100,2695,PASS,0.762962962962963,0.5907407407407408,P1,run_early
0,1,0,0,0,T_FF_test_290,T_FF,100,2905,FAIL,0.7628865979381443,0.5907216494845361,P1,run_early
0,0,0,0,0,T_FF_test_252,T_FF,100,2525,FAIL,0.7628458498023716,0.5907114624505929,P1,run_early
1,1,0,0,0,T_FF_test_58,T_FF,100,585,PASS,0.7627118644067796,0.590677966101695,P1,run_early
0,1,0,0,0,T_FF_test_256,T_FF,100,2565,FAIL,0.7626459143968871,0.5906614785992218,P1,run_early
1,0,0,1,0,T_FF_test_239,T_FF,100,2395,PASS,0.7625,0.590625,P1,run_early
0,1,0,0,0,T_FF_test_260,T_FF,100,2605,FAIL,0.7624521072796935,0.5906130268199234,P1,run_early
0,0,0,0,0,T_FF_test_264,T_FF,100,2645,PASS,0.7622641509433963,0.590566037735849,P1,run_early
1,0,0,1,0,T_FF_test_142,T_FF,100,1425,FAIL,0.7622377622377622,0.5905594405594405,P1,run_early
1,1,0,0,0,T_FF_test_268,T_FF,100,2685,FAIL,0.7620817843866171,0.5905204460966543,P1,run_early
1,0,0,1,0,T_FF_test_146,T_FF,100,1465,PASS,0.7619047619047619,0.5904761904761905,P1,run_early
0,0,0,0,1,T_FF_test_41,T_FF,100,415,PASS,0.7619047619047619,0.5904761904761905,P1,run_early
1,0,1,0,1,T_FF_test_62,T_FF,100,625,PASS,0.7619047619047619,0.5904761904761905,P1,run_early
0,1,1,0,0,T_FF_test_238,T_FF,100,2385,PASS,0.7615062761506276,0.5903765690376569,P1,run_early
0,0,0,0,0,T_FF_test_263,T_FF,100,2635,FAIL,0.7613636363636364,0.5903409090909091,P1,run_early
0,1,0,0,0,T_FF_test_154,T_FF,100,1545,PASS,0.7612903225806451,0.5903225806451613,P1,run_early
0,0,0,0,0,T_FF_test_66,T_FF,100,665,PASS,0.7611940298507462,0.5902985074626865,P1,run_early
1,1,0,0,0,T_FF_test_158,T_FF,100,1585,PASS,0.7610062893081762,0.5902515723270441,P1,run_early
0,1,0,0,0,T_FF_test_70,T_FF,100,705,FAIL,0.7605633802816901,0.5901408450704225,P1,run_early
1,1,0,0,0,T_FF_test_237,T_FF,100,2375,PASS,0.7605042016806722,0.5901260504201681,P1,run_early
0,1,0,0,0,T_FF_test_291,T_FF,100,2915,FAIL,0.7602739726027398,0.590068493150685,P1,run_early
1,0,0,1,0,T_FF_test_145,T_FF,100,1455,PASS,0.7602739726027398,0.590068493150685,P1,run_early
0,0,0,0,1,T_FF_test_153,T_FF,100,1535,FAIL,0.7597402597402597,0.589935064935065,P1,run_early
0,1,1,0,0,T_FF_test_157,T_FF,100,1575,PASS,0.759493670886076,0.589873417721519,P1,run_early
1,0,0,1,0,T_FF_test_236,T_FF,100,2365,PASS,0.759493670886076,0.589873417721519,P1,run_early
0,1,0,0,0,T_FF_test_144,T_FF,100,1445,PASS,0.7586206896551724,0.5896551724137931,P1,run_early
0,1,0,0,0,T_FF_test_57,T_FF,100,575,PASS,0.7586206896551724,0.5896551724137931,P1,run_early
0,1,0,0,0,T_FF_test_293,T_FF,100,2935,PASS,0.7585034013605442,0.589625850340136,P1,run_early
1,0,0,1,0,T_FF_test_235,T_FF,100,2355,PASS,0.7584745762711864,0.5896186440677966,P1,run_early
0,0,0,0,1,T_FF_test_61,T_FF,100,615,FAIL,0.7580645161290323,0.5895161290322581,P1,run_early
1,1,1,0,0,T_FF_test_156,T_FF,100,1565,PASS,0.7579617834394905,0.5894904458598726,P1,run_early
0,1,0,0,0,T_FF_test_292,T_FF,100,2925,FAIL,0.757679180887372,0.589419795221843,P1,run_early
1,0,0,1,0,T_FF_test_296,T_FF,100,2965,PASS,0.7575757575757576,0.5893939393939394,P1,run_early
0,0,0,0,1,T_FF_test_65,T_FF,100,655,PASS,0.7575757575757576,0.5893939393939394,P1,run_early
1,1,1,0,0,T_FF_test_234,T_FF,100,2345,PASS,0.7574468085106383,0.5893617021276596,P1,run_early
0,0,0,0,0,T_FF_test_209,T_FF,100,2095,PASS,0.7571428571428571,0.5892857142857143,P1,run_early
1,0,0,1,0,T_FF_test_143,T_FF,100,1435,FAIL,0.7569444444444444,0.5892361111111111,P1,run_early
0,0,0,0,1,T_FF_test_295,T_FF,100,2955,PASS,0.7567567567567568,0.5891891891891892,P1,run_early
0,0,1,1,1,T_FF_test_155,T_FF,100,1555,FAIL,0.7564102564102564,0.5891025641025641,P1,run_early
1,1,1,0,0,T_FF_test_233,T_FF,100,2335,PASS,0.7564102564102564,0.5891025641025641,P1,run_early
0,1,0,0,0,T_FF_test_159,T_FF,100,1595,FAIL,0.75625,0.5890625,P1,run_early
1,0,0,1,0,T_FF_test_40,T_FF,100,405,PASS,0.7560975609756098,0.5890243902439025,P1,run_early
1,0,0,1,1,T_FF_test_208,T_FF,100,2085,PASS,0.7559808612440191,0.5889952153110047,P1,run_early
1,1,1,0,0,T_FF_test_294,T_FF,100,2945,FAIL,0.7559322033898305,0.5889830508474576,P1,run_early
1,0,0,1,0,T_FF_test_212,T_FF,100,2125,PASS,0.755868544600939,0.5889671361502348,P1,run_early
1,1,0,0,0,T_FF_test_298,T_FF,100,2985,PASS,0.7558528428093646,0.5889632107023411,P1,run_early
0,0,0,0,0,T_FF_test_216,T_FF,100,2165,PASS,0.7557603686635944,0.5889400921658986,P1,run_early
1,0,0,1,0,T_FF_test_224,T_FF,100,2245,PASS,0.7555555555555555,0.5888888888888889,P1,run_early
0,1,0,0,0,T_FF_test_232,T_FF,100,2325,PASS,0.7553648068669528,0.5888412017167383,P1,run_early
1,0,0,1,0,T_FF_test_297,T_FF,100,2975,FAIL,0.7550335570469798,0.588758389261745,P1,run_early
1,0,0,1,1,T_FF_test_207,T_FF,100,2075,PASS,0.7548076923076923,0.588701923076923,P1,run_early
1,1,1,0,0,T_FF_test_211,T_FF,100,2115,PASS,0.7547169811320755,0.588679245283019,P1,run_early
1,0,0,1,0,T_FF_test_52,T_FF,100,525,PASS,0.7547169811320755,0.588679245283019,P1,run_early
1,1,0,0,0,T_FF_test_215,T_FF,100,2155,PASS,0.7546296296296297,0.5886574074074075,P1,run_early
1,1,0,0,0,T_FF_test_162,T_FF,100,1625,PASS,0.754601226993865,0.5886503067484663,P1,run_early
0,1,0,0,0,T_FF_test_219,T_FF,100,2195,PASS,0.7545454545454545,0.5886363636363636,P1,run_early
0,0,0,0,0,T_FF_test_223,T_FF,100,2235,PASS,0.7544642857142857,0.5886160714285714,P1,run_early
0,1,0,0,0,T_FF_test_56,T_FF,100,565,PASS,0.7543859649122807,0.5885964912280702,P1,run_early
0,1,0,0,0,T_FF_test_231,T_FF,100,2315,PASS,0.7543103448275862,0.5885775862068966,P1,run_early
0,0,0,0,0,T_FF_test_64,T_FF,100,645,PASS,0.7538461538461538,0.5884615384615385,P1,run_early
1,0,0,1,0,T_FF_test_206,T_FF,100,2065,PASS,0.7536231884057971,0.5884057971014494,P1,run_early
1,1,0,0,0,T_FF_test_210,T_FF,100,2105,FAIL,0.7535545023696683,0.5883886255924171,P1,run_early
0,1,0,0,0,T_FF_test_214,T_FF,100,2145,PASS,0.7534883720930232,0.5883720930232559,P1,run_early
0,1,0,0,0,T_FF_test_218,T_FF,100,2185,PASS,0.7534246575342466,0.5883561643835616,P1,run_early
1,0,0,1,0,T_FF_test_222,T_FF,100,2225,PASS,0.7533632286995515,0.5883408071748879,P1,run_early
1,0,0,1,1,T_FF_test_299,T_FF,100,2995,FAIL,0.7533333333333333,0.5883333333333334,P1,run_early
0,1,1,0,0,T_FF_test_226,T_FF,100,2265,PASS,0.7533039647577092,0.5883259911894273,P1,run_early
0,1,0,0,0,T_FF_test_230,T_FF,100,2305,PASS,0.7532467532467533,0.5883116883116883,P1,run_early
0,0,0,0,0,T_FF_test_161,T_FF,100,1615,PASS,0.7530864197530864,0.5882716049382717,P1,run_early
1,1,0,0,0,T_FF_test_205,T_FF,100,2055,PASS,0.7524271844660194,0.5881067961165048,P1,run_early
0,1,0,0,0,T_FF_test_213,T_FF,100,2135,FAIL,0.7523364485981309,0.5880841121495327,P1,run_early
1,1,0,0,0,T_FF_test_217,T_FF,100,2175,FAIL,0.7522935779816514,0.5880733944954128,P1,run_early
0,0,0,0,0,T_FF_test_221,T_FF,100,2215,PASS,0.7522522522522522,0.5880630630630631,P1,run_early
0,1,0,0,0,T_FF_test_225,T_FF,100,2255,FAIL,0.7522123893805309,0.5880530973451328,P1,run_early
1,1,0,0,0,T_FF_test_919,T_FF,100,9195,PASS,0.7521739130434782,0.5880434782608696,P1,run_early
1,1,0,0,0,T_FF_test_229,T_FF,100,2295,PASS,0.7521739130434782,0.5880434782608696,P1,run_early
0,0,0,0,0,T_FF_test_918,T_FF,100,9185,PASS,0.7519042437431991,0.5879760609357998,P1,run_early
1,1,0,0,0,T_FF_test_917,T_FF,100,9175,PASS,0.7516339869281046,0.5879084967320262,P1,run_early
0,0,0,0,0,T_FF_test_160,T_FF,100,1605,FAIL,0.7515527950310559,0.587888198757764,P1,run_early
1,0,0,1,0,T_FF_test_912,T_FF,100,9125,PASS,0.7513691128148959,0.587842278203724,P1,run_early
1,0,0,1,1,T_FF_test_916,T_FF,100,9165,PASS,0.7513631406761178,0.5878407851690295,P1,run_early
1,1,1,0,0,T_FF_test_204,T_FF,100,2045,PASS,0.751219512195122,0.5878048780487806,P1,run_early
1,0,0,1,0,T_FF_test_220,T_FF,100,2205,FAIL,0.751131221719457,0.5877828054298643,P1,run_early
0,1,0,0,0,T_FF_test_911,T_FF,100,9115,PASS,0.7510964912280702,0.5877741228070176,P1,run_early
0,1,0,0,0,T_FF_test_228,T_FF,100,2285,PASS,0.7510917030567685,0.5877729257641922,P1,run_early
0,0,0,0,0,T_FF_test_915,T_FF,100,9155,PASS,0.7510917030567685,0.5877729257641922,P1,run_early
1,0,0,1,0,T_FF_test_300,T_FF,100,3005,FAIL,0.7508305647840532,0.5877076411960134,P1,run_early
1,1,0,0,0,T_FF_test_906,T_FF,100,9065,PASS,0.7508269018743109,0.5877067254685777,P1,run_early
0,0,0,0,0,T_FF_test_910,T_FF,100,9105,PASS,0.7508232711306256,0.5877058177826564,P1,run_early
1,0,0,1,0,T_FF_test_914,T_FF,100,9145,PASS,0.7508196721311475,0.5877049180327869,P1,run_early
1,0,0,1,1,T_FF_test_304,T_FF,100,3045,PASS,0.7508196721311475,0.5877049180327869,P1,run_early
1,1,1,0,0,T_FF_test_793,T_FF,100,7935,PASS,0.7506297229219143,0.5876574307304786,P1,run_early
0,0,0,0,0,T_FF_test_797,T_FF,100,7975,PASS,0.7506265664160401,0.5876566416040101,P1,run_early
1,1,0,0,0,T_FF_test_897,T_FF,100,8975,PASS,0.7505567928730512,0.5876391982182628,P1,run_early
1,0,0,1,0,T_FF_test_905,T_FF,100,9055,PASS,0.7505518763796909,0.5876379690949227,P1,run_early
1,0,0,1,1,T_FF_test_909,T_FF,100,9095,PASS,0.7505494505494505,0.5876373626373627,P1,run_early
0,0,1,1,0,T_FF_test_913,T_FF,100,9135,FAIL,0.75054704595186,0.587636761487965,P1,run_early
0,0,0,0,0,T_FF_test_784,T_FF,100,7845,PASS,0.7503184713375797,0.5875796178343949,P1,run_early
0,1,0,0,0,T_FF_test_792,T_FF,100,7925,PASS,0.7503152585119798,0.587578814627995,P1,run_early
0,0,0,0,0,T_FF_test_796,T_FF,100,7965,PASS,0.7503136762860728,0.5875784190715182,P1,run_early
1,1,0,0,0,T_FF_test_896,T_FF,100,8965,PASS,0.750278706800446,0.5875696767001115,P1,run_early
0,0,0,0,0,T_FF_test_904,T_FF,100,9045,PASS,0.7502762430939226,0.5875690607734807,P1,run_early
1,1,0,0,0,T_FF_test_908,T_FF,100,9085,PASS,0.7502750275027503,0.5875687568756875,P1,run_early
0,0,0,0,0,T_FF_test_227,T_FF,100,2275,FAIL,0.75,0.5875,P1,run_early
1,1,0,0,0,T_FF_test_907,T_FF,100,9075,FAIL,0.75,0.5875,P1,run_early
1,1,0,0,0,T_FF_test_899,T_FF,100,8995,PASS,0.75,0.5875,P1,run_early
0,0,0,0,0,T_FF_test_51,T_FF,100,515,PASS,0.75,0.5875,P1,run_early
0,0,0,0,0,T_FF_test_303,T_FF,100,3035,PASS,0.75,0.5875,P1,run_early
0,1,0,0,0,T_FF_test_903,T_FF,100,9035,PASS,0.75,0.5875,P1,run_early
1,1,0,0,0,T_FF_test_55,T_FF,100,555,PASS,0.75,0.5875,P1,run_early
0,0,0,0,0,T_FF_test_63,T_FF,100,635,FAIL,0.75,0.5875,P1,run_early
1,1,0,0,0,T_FF_test_799,T_FF,100,7995,PASS,0.75,0.5875,P1,run_early
0,0,0,0,0,T_FF_test_783,T_FF,100,7835,PASS,0.75,0.5875,P1,run_early
1,1,0,0,0,T_FF_test_163,T_FF,100,1635,FAIL,0.75,0.5875,P1,run_early
0,1,0,0,0,T_FF_test_347,T_FF,100,3475,PASS,0.75,0.5875,P1,run_early
1,1,0,0,0,T_FF_test_311,T_FF,100,3115,PASS,0.75,0.5875,P1,run_early
1,0,0,1,0,T_FF_test_795,T_FF,100,7955,PASS,0.75,0.5875,P1,run_early
1,0,0,1,1,T_FF_test_791,T_FF,100,7915,PASS,0.75,0.5875,P1,run_early
0,1,1,0,0,T_FF_test_203,T_FF,100,2035,PASS,0.75,0.5875,P1,run_early
0,0,0,0,0,T_FF_test_895,T_FF,100,8955,PASS,0.75,0.5875,P1,run_early
1,0,0,1,0,T_FF_test_902,T_FF,100,9025,PASS,0.7497231450719822,0.5874307862679956,P1,run_early
0,0,0,0,1,T_FF_test_898,T_FF,100,8985,FAIL,0.7497219132369299,0.5874304783092326,P1,run_early
0,1,1,0,0,T_FF_test_894,T_FF,100,8945,PASS,0.7497206703910615,0.5874301675977653,P1,run_early
0,1,0,0,0,T_FF_test_850,T_FF,100,8505,PASS,0.7497062279670975,0.5874265569917744,P1,run_early
1,1,0,0,0,T_FF_test_798,T_FF,100,7985,FAIL,0.7496871088861077,0.5874217772215269,P1,run_early
1,0,0,1,0,T_FF_test_794,T_FF,100,7945,FAIL,0.7496855345911949,0.5874213836477987,P1,run_early
1,0,0,1,1,T_FF_test_790,T_FF,100,7905,PASS,0.7496839443742098,0.5874209860935524,P1,run_early
1,0,1,0,0,T_FF_test_782,T_FF,100,7825,PASS,0.7496807151979565,0.5874201787994892,P1,run_early
0,1,0,0,0,T_FF_test_778,T_FF,100,7785,PASS,0.7496790757381258,0.5874197689345315,P1,run_early
1,0,0,1,0,T_FF_test_901,T_FF,100,9015,PASS,0.7494456762749445,0.5873614190687362,P1,run_early
0,1,0,0,0,T_FF_test_893,T_FF,100,8935,PASS,0.7494407158836689,0.5873601789709173,P1,run_early
0,0,0,0,0,T_FF_test_865,T_FF,100,8655,PASS,0.7494226327944573,0.5873556581986143,P1,run_early
1,0,0,1,0,T_FF_test_849,T_FF,100,8495,PASS,0.7494117647058823,0.5873529411764706,P1,run_early
1,1,0,0,0,T_FF_test_398,T_FF,100,3985,PASS,0.7493734335839599,0.58734335839599,P1,run_early
0,1,0,0,0,T_FF_test_789,T_FF,100,7895,PASS,0.7493670886075949,0.5873417721518988,P1,run_early
1,1,0,0,0,T_FF_test_785,T_FF,100,7855,FAIL,0.7493638676844784,0.5873409669211196,P1,run_early
0,1,0,0,0,T_FF_test_781,T_FF,100,7815,PASS,0.7493606138107417,0.5873401534526854,P1,run_early
1,0,0,1,0,T_FF_test_777,T_FF,100,7775,PASS,0.7493573264781491,0.5873393316195373,P1,run_early
0,1,0,0,0,T_FF_test_358,T_FF,100,3585,PASS,0.7493036211699164,0.5873259052924791,P1,run_early
0,1,0,0,0,T_FF_test_350,T_FF,100,3505,PASS,0.7492877492877493,0.5873219373219374,P1,run_early
0,0,0,0,0,T_FF_test_346,T_FF,100,3465,PASS,0.7492795389048992,0.5873198847262249,P1,run_early
0,0,0,0,0,T_FF_test_338,T_FF,100,3385,PASS,0.7492625368731564,0.5873156342182891,P1,run_early
1,1,0,0,0,T_FF_test_310,T_FF,100,3105,PASS,0.7491961414790996,0.5872990353697749,P1,run_early
0,1,0,0,0,T_FF_test_306,T_FF,100,3065,PASS,0.749185667752443,0.5872964169381107,P1,run_early
1,0,0,1,0,T_FF_test_302,T_FF,100,3025,PASS,0.7491749174917491,0.5872937293729373,P1,run_early
1,1,0,0,0,T_FF_test_900,T_FF,100,9005,FAIL,0.7491675915649278,0.587291897891232,P1,run_early
1,1,0,0,0,T_FF_test_892,T_FF,100,8925,PASS,0.7491601343784995,0.587290033594625,P1,run_early
0,0,0,0,0,T_FF_test_868,T_FF,100,8685,PASS,0.7491369390103567,0.5872842347525892,P1,run_early
0,0,0,0,0,T_FF_test_864,T_FF,100,8645,PASS,0.7491329479768786,0.5872832369942197,P1,run_early
1,0,0,1,0,T_FF_test_848,T_FF,100,8485,PASS,0.7491166077738516,0.5872791519434629,P1,run_early
1,1,0,0,0,T_FF_test_824,T_FF,100,8245,PASS,0.7490909090909091,0.5872727272727273,P1,run_early
1,1,0,0,0,T_FF_test_800,T_FF,100,8005,FAIL,0.7490636704119851,0.5872659176029963,P1,run_early
0,1,0,0,0,T_FF_test_788,T_FF,100,7885,PASS,0.7490494296577946,0.5872623574144487,P1,run_early
0,1,0,0,0,T_FF_test_780,T_FF,100,7805,PASS,0.7490396927016645,0.5872599231754161,P1,run_early
1,0,0,1,0,T_FF_test_776,T_FF,100,7765,PASS,0.749034749034749,0.5872586872586872,P1,run_early
1,0,0,1,1,T_FF_test_764,T_FF,100,7645,PASS,0.7490196078431373,0.5872549019607843,P1,run_early
0,1,1,0,0,T_FF_test_891,T_FF,100,8915,PASS,0.7488789237668162,0.5872197309417041,P1,run_early
1,0,0,1,0,T_FF_test_875,T_FF,100,8755,PASS,0.7488584474885844,0.5872146118721462,P1,run_early
1,1,0,0,0,T_FF_test_867,T_FF,100,8675,PASS,0.7488479262672811,0.5872119815668203,P1,run_early
1,0,0,1,0,T_FF_test_863,T_FF,100,8635,PASS,0.7488425925925926,0.5872106481481482,P1,run_early
0,0,0,0,1,T_FF_test_851,T_FF,100,8515,FAIL,0.7488262910798122,0.5872065727699531,P1,run_early
1,0,1,0,1,T_FF_test_847,T_FF,100,8475,PASS,0.7488207547169812,0.5872051886792453,P1,run_early
1,0,1,0,0,T_FF_test_835,T_FF,100,8355,PASS,0.7488038277511961,0.5872009569377991,P1,run_early
0,0,0,0,1,T_FF_test_823,T_FF,100,8235,PASS,0.7487864077669902,0.5871966019417476,P1,run_early
0,0,1,1,1,T_FF_test_202,T_FF,100,2025,PASS,0.7487684729064039,0.587192118226601,P1,run_early
0,0,1,1,1,T_FF_test_397,T_FF,100,3975,PASS,0.7487437185929648,0.5871859296482412,P1,run_early
1,0,1,0,1,T_FF_test_787,T_FF,100,7875,PASS,0.748730964467005,0.5871827411167513,P1,run_early
1,0,1,0,0,T_FF_test_779,T_FF,100,7795,FAIL,0.7487179487179487,0.5871794871794872,P1,run_early
0,0,0,0,1,T_FF_test_775,T_FF,100,7755,PASS,0.7487113402061856,0.5871778350515464,P1,run_early
1,0,1,0,1,T_FF_test_767,T_FF,100,7675,PASS,0.7486979166666666,0.5871744791666667,P1,run_early
0,0,1,1,0,T_FF_test_763,T_FF,100,7635,PASS,0.7486910994764397,0.58717277486911,P1,run_early
0,1,0,0,0,T_FF_test_361,T_FF,100,3615,PASS,0.7486187845303868,0.5871546961325967,P1,run_early
0,0,0,0,0,T_FF_test_357,T_FF,100,3575,PASS,0.7486033519553073,0.5871508379888268,P1,run_early
0,1,0,0,0,T_FF_test_890,T_FF,100,8905,PASS,0.7485970819304153,0.5871492704826038,P1,run_early
1,0,0,1,0,T_FF_test_349,T_FF,100,3495,PASS,0.7485714285714286,0.5871428571428572,P1,run_early
1,0,0,1,1,T_FF_test_874,T_FF,100,8745,PASS,0.7485714285714286,0.5871428571428572,P1,run_early
0,0,1,1,0,T_FF_test_866,T_FF,100,8665,FAIL,0.748558246828143,0.5871395617070357,P1,run_early
0,0,0,0,0,T_FF_test_345,T_FF,100,3455,PASS,0.7485549132947977,0.5871387283236995,P1,run_early
0,1,0,0,0,T_FF_test_862,T_FF,100,8625,PASS,0.7485515643105446,0.5871378910776361,P1,run_early
1,1,0,0,0,T_FF_test_846,T_FF,100,8465,PASS,0.7485242030696576,0.5871310507674145,P1,run_early
0,1,0,0,0,T_FF_test_337,T_FF,100,3375,PASS,0.7485207100591716,0.5871301775147929,P1,run_early
1,0,0,1,0,T_FF_test_333,T_FF,100,3335,PASS,0.7485029940119761,0.587125748502994,P1,run_early
1,0,0,1,1,T_FF_test_834,T_FF,100,8345,PASS,0.7485029940119761,0.587125748502994,P1,run_early
0,0,1,1,0,T_FF_test_166,T_FF,100,1665,PASS,0.7485029940119761,0.587125748502994,P1,run_early
1,0,0,1,0,T_FF_test_822,T_FF,100,8225,PASS,0.7484811664641555,0.587120291616039,P1,run_early
1,0,0,1,1,T_FF_test_818,T_FF,100,8185,PASS,0.7484737484737485,0.5871184371184371,P1,run_early
1,1,1,0,0,T_FF_test_786,T_FF,100,7865,FAIL,0.7484116899618806,0.5871029224904701,P1,run_early
1,0,0,1,0,T_FF_test_313,T_FF,100,3135,PASS,0.7484076433121019,0.5871019108280255,P1,run_early
0,0,0,0,1,T_FF_test_309,T_FF,100,3095,PASS,0.7483870967741936,0.5870967741935484,P1,run_early
0,0,1,1,1,T_FF_test_774,T_FF,100,7745,PASS,0.7483870967741936,0.5870967741935484,P1,run_early
0,1,1,0,0,T_FF_test_766,T_FF,100,7665,PASS,0.7483702737940026,0.5870925684485007,P1,run_early
0,0,0,0,0,T_FF_test_305,T_FF,100,3055,FAIL,0.7483660130718954,0.5870915032679739,P1,run_early
0,1,0,0,0,T_FF_test_762,T_FF,100,7625,PASS,0.7483617300131061,0.5870904325032765,P1,run_early
0,1,0,0,0,T_FF_test_301,T_FF,100,3015,FAIL,0.7483443708609272,0.5870860927152318,P1,run_early
0,0,0,0,0,T_FF_test_889,T_FF,100,8895,PASS,0.748314606741573,0.5870786516853933,P1,run_early
1,1,0,0,0,T_FF_test_881,T_FF,100,8815,PASS,0.7482993197278912,0.5870748299319728,P1,run_early
0,0,0,0,0,T_FF_test_877,T_FF,100,8775,PASS,0.7482915717539863,0.5870728929384966,P1,run_early
0,1,0,0,0,T_FF_test_873,T_FF,100,8735,PASS,0.7482837528604119,0.587070938215103,P1,run_early
1,0,0,1,0,T_FF_test_869,T_FF,100,8695,FAIL,0.7482758620689656,0.5870689655172414,P1,run_early
1,0,0,1,1,T_FF_test_861,T_FF,100,8615,PASS,0.7482598607888631,0.5870649651972157,P1,run_early
1,0,1,0,0,T_FF_test_853,T_FF,100,8535,PASS,0.7482435597189696,0.5870608899297425,P1,run_early
1,1,0,0,0,T_FF_test_845,T_FF,100,8455,PASS,0.74822695035461,0.5870567375886525,P1,run_early
0,0,0,0,0,T_FF_test_833,T_FF,100,8335,PASS,0.7482014388489209,0.5870503597122303,P1,run_early
1,0,0,1,0,T_FF_test_829,T_FF,100,8295,PASS,0.7481927710843373,0.5870481927710843,P1,run_early
1,0,0,1,1,T_FF_test_825,T_FF,100,8255,FAIL,0.7481840193704601,0.587046004842615,P1,run_early
1,0,1,0,0,T_FF_test_821,T_FF,100,8215,PASS,0.7481751824817519,0.587043795620438,P1,run_early
0,1,0,0,0,T_FF_test_817,T_FF,100,8175,PASS,0.7481662591687042,0.5870415647921761,P1,run_early
0,1,0,0,0,T_FF_test_400,T_FF,100,4005,PASS,0.7481296758104738,0.5870324189526185,P1,run_early
1,0,0,1,0,T_FF_test_801,T_FF,100,8015,FAIL,0.7481296758104738,0.5870324189526185,P1,run_early
1,0,0,1,1,T_FF_test_396,T_FF,100,3965,PASS,0.7481108312342569,0.5870277078085643,P1,run_early
0,0,1,1,0,T_FF_test_773,T_FF,100,7735,PASS,0.748062015503876,0.587015503875969,P1,run_early
1,1,0,0,0,T_FF_test_769,T_FF,100,7695,PASS,0.7480519480519481,0.587012987012987,P1,run_early
0,0,0,0,0,T_FF_test_765,T_FF,100,7655,FAIL,0.7480417754569191,0.5870104438642298,P1,run_early
0,1,0,0,0,T_FF_test_761,T_FF,100,7615,PASS,0.7480314960629921,0.587007874015748,P1,run_early
0,0,0,0,0,T_FF_test_888,T_FF,100,8885,PASS,0.7480314960629921,0.587007874015748,P1,run_early
0,1,0,0,0,T_FF_test_880,T_FF,100,8805,PASS,0.7480136208853575,0.5870034052213394,P1,run_early
0,1,0,0,0,T_FF_test_876,T_FF,100,8765,FAIL,0.7480045610034207,0.5870011402508553,P1,run_early
1,0,0,1,0,T_FF_test_872,T_FF,100,8725,PASS,0.7479954180985109,0.5869988545246277,P1,run_early
0,1,0,0,0,T_FF_test_860,T_FF,100,8605,PASS,0.7479674796747967,0.5869918699186992,P1,run_early
0,0,0,0,0,T_FF_test_852,T_FF,100,8525,FAIL,0.7479484173505275,0.5869871043376319,P1,run_early
1,0,0,1,0,T_FF_test_844,T_FF,100,8445,PASS,0.7479289940828402,0.5869822485207101,P1,run_early
0,0,0,0,1,T_FF_test_360,T_FF,100,3605,PASS,0.7479224376731302,0.5869806094182826,P1,run_early
1,1,1,0,0,T_FF_test_836,T_FF,100,8365,FAIL,0.7479091995221028,0.5869772998805257,P1,run_early
0,0,0,0,0,T_FF_test_832,T_FF,100,8325,PASS,0.7478991596638656,0.5869747899159664,P1,run_early
0,0,0,0,0,T_FF_test_356,T_FF,100,3565,PASS,0.7478991596638656,0.5869747899159664,P1,run_early
0,0,0,0,0,T_FF_test_828,T_FF,100,8285,PASS,0.7478890229191797,0.586972255729795,P1,run_early
0,0,0,0,0,T_FF_test_820,T_FF,100,8205,PASS,0.7478684531059683,0.5869671132764921,P1,run_early
1,1,0,0,0,T_FF_test_816,T_FF,100,8165,PASS,0.7478580171358629,0.5869645042839657,P1,run_early
1,0,0,1,0,T_FF_test_348,T_FF,100,3485,FAIL,0.7478510028653295,0.5869627507163324,P1,run_early
1,1,0,0,0,T_FF_test_344,T_FF,100,3445,PASS,0.7478260869565218,0.5869565217391305,P1,run_early
0,1,0,0,0,T_FF_test_340,T_FF,100,3405,PASS,0.7478005865102639,0.586950146627566,P1,run_early
1,0,0,1,0,T_FF_test_336,T_FF,100,3365,PASS,0.7477744807121661,0.5869436201780416,P1,run_early
1,0,0,1,1,T_FF_test_332,T_FF,100,3325,PASS,0.7477477477477478,0.5869369369369369,P1,run_early
0,0,1,1,0,T_FF_test_887,T_FF,100,8875,PASS,0.7477477477477478,0.5869369369369369,P1,run_early
1,1,0,0,0,T_FF_test_772,T_FF,100,7725,PASS,0.7477360931435963,0.586934023285899,P1,run_early
1,0,0,1,0,T_FF_test_879,T_FF,100,8795,PASS,0.7477272727272727,0.5869318181818182,P1,run_early
1,0,0,1,1,T_FF_test_768,T_FF,100,7685,FAIL,0.7477243172951885,0.5869310793237972,P1,run_early
1,1,1,0,0,T_FF_test_328,T_FF,100,3285,PASS,0.7477203647416414,0.5869300911854104,P1,run_early
1,0,0,1,0,T_FF_test_871,T_FF,100,8715,PASS,0.7477064220183486,0.5869266055045872,P1,run_early
1,1,0,0,0,T_FF_test_760,T_FF,100,7605,PASS,0.7477003942181341,0.5869250985545336,P1,run_early
1,1,0,0,0,T_FF_test_859,T_FF,100,8595,PASS,0.7476744186046511,0.5869186046511627,P1,run_early
0,0,0,0,0,T_FF_test_843,T_FF,100,8435,PASS,0.7476303317535545,0.5869075829383886,P1,run_early
1,0,0,1,0,T_FF_test_312,T_FF,100,3125,FAIL,0.7476038338658147,0.5869009584664537,P1,run_early
0,0,0,0,1,T_FF_test_831,T_FF,100,8315,PASS,0.7475961538461539,0.5868990384615385,P1,run_early
1,1,1,0,0,T_FF_test_827,T_FF,100,8275,PASS,0.7475845410628019,0.5868961352657005,P1,run_early
0,1,0,0,0,T_FF_test_308,T_FF,100,3085,PASS,0.7475728155339806,0.5868932038834952,P1,run_early
1,1,0,0,0,T_FF_test_819,T_FF,100,8195,FAIL,0.7475609756097561,0.586890243902439,P1,run_early
1,1,0,0,0,T_FF_test_815,T_FF,100,8155,PASS,0.7475490196078431,0.5868872549019608,P1,run_early
1,0,0,1,0,T_FF_test_811,T_FF,100,8115,PASS,0.7475369458128078,0.586884236453202,P1,run_early
0,0,0,0,1,T_FF_test_201,T_FF,100,2015,PASS,0.7475247524752475,0.5868811881188118,P1,run_early
1,0,1,0,1,T_FF_test_403,T_FF,100,4035,PASS,0.7475247524752475,0.5868811881188118,P1,run_early
1,1,1,0,0,T_FF_test_399,T_FF,100,3995,FAIL,0.7475,0.586875,P1,run_early
1,1,0,0,0,T_FF_test_395,T_FF,100,3955,PASS,0.7474747474747475,0.5868686868686869,P1,run_early
0,0,0,0,0,T_FF_test_886,T_FF,100,8865,PASS,0.7474633596392334,0.5868658399098083,P1,run_early
0,0,0,0,0,T_FF_test_882,T_FF,100,8825,FAIL,0.7474518686296716,0.5868629671574179,P1,run_early
0,0,0,0,0,T_FF_test_878,T_FF,100,8785,FAIL,0.7474402730375427,0.5868600682593856,P1,run_early
0,0,0,0,0,T_FF_test_870,T_FF,100,8705,FAIL,0.7474167623421355,0.5868541905855339,P1,run_early
0,0,0,0,0,T_FF_test_771,T_FF,100,7715,PASS,0.7474093264248705,0.5868523316062176,P1,run_early
0,0,0,0,0,T_FF_test_858,T_FF,100,8585,PASS,0.7473806752037253,0.5868451688009313,P1,run_early
0,0,0,0,0,T_FF_test_759,T_FF,100,7595,PASS,0.7473684210526316,0.5868421052631579,P1,run_early
0,0,0,0,0,T_FF_test_854,T_FF,100,8545,FAIL,0.7473684210526316,0.5868421052631579,P1,run_early
0,0,0,0,0,T_FF_test_842,T_FF,100,8425,PASS,0.7473309608540926,0.5868327402135232,P1,run_early
1,1,0,0,0,T_FF_test_838,T_FF,100,8385,PASS,0.7473182359952324,0.5868295589988082,P1,run_early
0,0,0,0,0,T_FF_test_830,T_FF,100,8305,FAIL,0.7472924187725631,0.5868231046931408,P1,run_early
1,1,0,0,0,T_FF_test_826,T_FF,100,8265,FAIL,0.747279322853688,0.586819830713422,P1,run_early
1,1,0,0,0,T_FF_test_363,T_FF,100,3635,PASS,0.7472527472527473,0.5868131868131868,P1,run_early
0,0,0,0,0,T_FF_test_814,T_FF,100,8145,PASS,0.747239263803681,0.5868098159509203,P1,run_early
1,1,0,0,0,T_FF_test_810,T_FF,100,8105,PASS,0.7472256473489519,0.586806411837238,P1,run_early
1,0,0,1,0,T_FF_test_359,T_FF,100,3595,FAIL,0.7472222222222222,0.5868055555555556,P1,run_early
1,1,0,0,0,T_FF_test_802,T_FF,100,8025,FAIL,0.7471980074719801,0.586799501867995,P1,run_early
1,0,0,1,0,T_FF_test_355,T_FF,100,3555,PASS,0.7471910112359551,0.5867977528089888,P1,run_early
1,0,0,1,1,T_FF_test_885,T_FF,100,8855,PASS,0.7471783295711061,0.5867945823927765,P1,run_early
1,0,1,0,0,T_FF_test_351,T_FF,100,3515,FAIL,0.7471590909090909,0.5867897727272727,P1,run_early
0,0,0,0,1,T_FF_test_343,T_FF,100,3435,PASS,0.747093023255814,0.5867732558139536,P1,run_early
1,0,1,0,1,T_FF_test_857,T_FF,100,8575,PASS,0.747086247086247,0.5867715617715618,P1,run_early
0,1,1,0,0,T_FF_test_770,T_FF,100,7705,FAIL,0.7470817120622568,0.5867704280155642,P1,run_early
0,1,0,0,0,T_FF_test_339,T_FF,100,3395,FAIL,0.7470588235294118,0.586764705882353,P1,run_early
1,0,0,1,0,T_FF_test_758,T_FF,100,7585,PASS,0.7470355731225297,0.5867588932806325,P1,run_early
0,0,0,0,1,T_FF_test_841,T_FF,100,8415,PASS,0.7470308788598575,0.5867577197149644,P1,run_early
1,0,1,0,1,T_FF_test_335,T_FF,100,3355,PASS,0.7470238095238095,0.5867559523809525,P1,run_early
0,1,1,0,0,T_FF_test_837,T_FF,100,8375,FAIL,0.747016706443914,0.5867541766109785,P1,run_early
0,0,0,0,0,T_FF_test_750,T_FF,100,7505,PASS,0.7470039946737683,0.586750998668442,P1,run_early
1,1,0,0,0,T_FF_test_165,T_FF,100,1655,PASS,0.7469879518072289,0.5867469879518072,P1,run_early
1,1,0,0,0,T_FF_test_331,T_FF,100,3315,PASS,0.7469879518072289,0.5867469879518072,P1,run_early
1,1,0,0,0,T_FF_test_327,T_FF,100,3275,PASS,0.7469512195121951,0.5867378048780488,P1,run_early
0,1,0,0,0,T_FF_test_813,T_FF,100,8135,PASS,0.7469287469287469,0.5867321867321867,P1,run_early
1,0,0,1,0,T_FF_test_809,T_FF,100,8095,PASS,0.7469135802469136,0.5867283950617284,P1,run_early
1,0,0,1,1,T_FF_test_402,T_FF,100,4025,PASS,0.7468982630272953,0.5867245657568239,P1,run_early
1,0,1,0,0,T_FF_test_805,T_FF,100,8055,PASS,0.7468982630272953,0.5867245657568239,P1,run_early
0,0,0,0,1,T_FF_test_884,T_FF,100,8845,PASS,0.7468926553672316,0.5867231638418079,P1,run_early
1,0,1,0,1,T_FF_test_394,T_FF,100,3945,PASS,0.7468354430379747,0.5867088607594937,P1,run_early
0,0,1,1,0,T_FF_test_856,T_FF,100,8565,PASS,0.7467911318553092,0.5866977829638274,P1,run_early
0,1,0,0,0,T_FF_test_307,T_FF,100,3075,FAIL,0.7467532467532467,0.5866883116883117,P1,run_early
0,0,0,0,0,T_FF_test_840,T_FF,100,8405,PASS,0.746730083234245,0.5866825208085613,P1,run_early
1,1,0,0,0,T_FF_test_757,T_FF,100,7575,PASS,0.7467018469656992,0.5866754617414248,P1,run_early
1,0,0,1,0,T_FF_test_749,T_FF,100,7495,PASS,0.7466666666666667,0.5866666666666667,P1,run_early
0,1,0,0,0,T_FF_test_812,T_FF,100,8125,FAIL,0.7466174661746617,0.5866543665436654,P1,run_early
1,1,0,0,0,T_FF_test_883,T_FF,100,8835,FAIL,0.746606334841629,0.5866515837104073,P1,run_early
0,0,0,0,0,T_FF_test_808,T_FF,100,8085,PASS,0.7466007416563659,0.5866501854140915,P1,run_early
1,0,0,1,0,T_FF_test_804,T_FF,100,8045,PASS,0.746583850931677,0.5866459627329192,P1,run_early
0,0,0,0,1,T_FF_test_362,T_FF,100,3625,FAIL,0.7465564738292011,0.5866391184573003,P1,run_early
0,0,1,1,1,T_FF_test_855,T_FF,100,8555,FAIL,0.7464953271028038,0.586623831775701,P1,run_early
1,1,1,0,0,T_FF_test_354,T_FF,100,3545,PASS,0.7464788732394366,0.5866197183098592,P1,run_early
1,0,0,1,0,T_FF_test_839,T_FF,100,8395,FAIL,0.7464285714285714,0.5866071428571429,P1,run_early
1,1,0,0,0,T_FF_test_756,T_FF,100,7565,PASS,0.7463672391017173,0.5865918097754294,P1,run_early
0,0,0,0,0,T_FF_test_342,T_FF,100,3425,PASS,0.7463556851311953,0.5865889212827988,P1,run_early
0,0,0,0,0,T_FF_test_752,T_FF,100,7525,PASS,0.7463479415670651,0.5865869853917662,P1,run_early
1,1,0,0,0,T_FF_test_748,T_FF,100,7485,PASS,0.7463284379172229,0.5865821094793058,P1,run_early
0,0,0,0,0,T_FF_test_807,T_FF,100,8075,PASS,0.7462871287128713,0.5865717821782178,P1,run_early
1,0,0,1,0,T_FF_test_334,T_FF,100,3345,FAIL,0.746268656716418,0.5865671641791045,P1,run_early
0,0,0,0,1,T_FF_test_803,T_FF,100,8035,FAIL,0.746268656716418,0.5865671641791045,P1,run_early
0,0,1,1,1,T_FF_test_200,T_FF,100,2005,PASS,0.746268656716418,0.5865671641791045,P1,run_early
0,1,1,0,0,T_FF_test_401,T_FF,100,4015,FAIL,0.746268656716418,0.5865671641791045,P1,run_early
1,0,0,1,0,T_FF_test_330,T_FF,100,3305,PASS,0.7462235649546828,0.5865558912386707,P1,run_early
1,1,0,0,0,T_FF_test_393,T_FF,100,3935,PASS,0.7461928934010152,0.5865482233502538,P1,run_early
1,0,0,1,0,T_FF_test_326,T_FF,100,3265,PASS,0.746177370030581,0.5865443425076453,P1,run_early
1,0,0,1,1,T_FF_test_314,T_FF,100,3145,FAIL,0.746031746031746,0.5865079365079365,P1,run_early
0,1,1,0,0,T_FF_test_755,T_FF,100,7555,PASS,0.746031746031746,0.5865079365079365,P1,run_early
0,0,0,0,0,T_FF_test_751,T_FF,100,7515,FAIL,0.7460106382978723,0.5865026595744681,P1,run_early
1,0,0,1,0,T_FF_test_747,T_FF,100,7475,PASS,0.7459893048128342,0.5864973262032086,P1,run_early
0,0,0,0,1,T_FF_test_806,T_FF,100,8065,FAIL,0.7459727385377943,0.5864931846344485,P1,run_early
1,1,1,0,0,T_FF_test_365,T_FF,100,3655,PASS,0.7459016393442623,0.5864754098360656,P1,run_early
0,1,0,0,0,T_FF_test_353,T_FF,100,3535,PASS,0.7457627118644068,0.5864406779661018,P1,run_early
1,0,0,1,0,T_FF_test_754,T_FF,100,7545,PASS,0.7456953642384105,0.5864238410596027,P1,run_early
1,1,0,0,0,T_FF_test_404,T_FF,100,4045,FAIL,0.745679012345679,0.5864197530864198,P1,run_early
0,0,0,0,0,T_FF_test_746,T_FF,100,7465,PASS,0.7456492637215528,0.5864123159303882,P1,run_early
1,0,0,1,0,T_FF_test_341,T_FF,100,3415,FAIL,0.7456140350877193,0.5864035087719298,P1,run_early
1,0,0,1,1,T_FF_test_392,T_FF,100,3925,PASS,0.7455470737913485,0.5863867684478372,P1,run_early
1,1,1,0,0,T_FF_test_54,T_FF,100,545,PASS,0.7454545454545455,0.5863636363636364,P1,run_early
1,0,0,1,0,T_FF_test_329,T_FF,100,3295,FAIL,0.7454545454545455,0.5863636363636364,P1,run_early
0,1,0,0,0,T_FF_test_164,T_FF,100,1645,FAIL,0.7454545454545455,0.5863636363636364,P1,run_early
1,1,0,0,0,T_FF_test_325,T_FF,100,3255,PASS,0.745398773006135,0.5863496932515337,P1,run_early
1,1,0,0,0,T_FF_test_753,T_FF,100,7535,FAIL,0.7453580901856764,0.5863395225464192,P1,run_early
0,1,0,0,0,T_FF_test_372,T_FF,100,3725,PASS,0.7453083109919572,0.5863270777479893,P1,run_early
1,0,0,1,0,T_FF_test_745,T_FF,100,7455,PASS,0.7453083109919572,0.5863270777479893,P1,run_early
1,0,0,1,1,T_FF_test_317,T_FF,100,3175,PASS,0.7452830188679245,0.5863207547169811,P1,run_early
0,1,1,0,0,T_FF_test_368,T_FF,100,3685,PASS,0.7452574525745257,0.5863143631436314,P1,run_early
0,0,0,0,0,T_FF_test_364,T_FF,100,3645,FAIL,0.7452054794520548,0.5863013698630137,P1,run_early
0,0,0,0,0,T_FF_test_407,T_FF,100,4075,PASS,0.7450980392156863,0.5862745098039216,P1,run_early
0,0,0,0,0,T_FF_test_50,T_FF,100,505,PASS,0.7450980392156863,0.5862745098039216,P1,run_early
1,0,0,1,0,T_FF_test_352,T_FF,100,3525,FAIL,0.7450424929178471,0.5862606232294618,P1,run_early
1,0,0,1,1,T_FF_test_199,T_FF,100,1995,PASS,0.745,0.58625,P1,run_early
1,1,1,0,0,T_FF_test_744,T_FF,100,7445,PASS,0.7449664429530202,0.5862416107382551,P1,run_early
1,0,0,1,0,T_FF_test_391,T_FF,100,3915,PASS,0.7448979591836735,0.5862244897959183,P1,run_early
0,0,0,0,1,T_FF_test_46,T_FF,100,465,PASS,0.7446808510638298,0.5861702127659575,P1,run_early
0,0,1,1,1,T_FF_test_371,T_FF,100,3715,PASS,0.7446236559139785,0.5861559139784946,P1,run_early
0,0,1,1,1,T_FF_test_743,T_FF,100,7435,PASS,0.7446236559139785,0.5861559139784946,P1,run_early
0,1,1,0,0,T_FF_test_324,T_FF,100,3245,PASS,0.7446153846153846,0.5861538461538461,P1,run_early
0,0,0,0,0,T_FF_test_367,T_FF,100,3675,PASS,0.7445652173913043,0.5861413043478261,P1,run_early
1,0,0,1,0,T_FF_test_316,T_FF,100,3165,PASS,0.7444794952681388,0.5861198738170348,P1,run_early
0,0,0,0,1,T_FF_test_406,T_FF,100,4065,PASS,0.7444717444717445,0.5861179361179362,P1,run_early
1,1,1,0,0,T_FF_test_742,T_FF,100,7425,PASS,0.7442799461641992,0.5860699865410498,P1,run_early
1,0,0,1,0,T_FF_test_390,T_FF,100,3905,PASS,0.7442455242966752,0.5860613810741688,P1,run_early
0,1,0,0,0,T_FF_test_171,T_FF,100,1715,PASS,0.7441860465116279,0.586046511627907,P1,run_early
0,1,0,0,0,T_FF_test_42,T_FF,100,425,FAIL,0.7441860465116279,0.586046511627907,P1,run_early
1,0,0,1,0,T_FF_test_378,T_FF,100,3785,PASS,0.7440633245382586,0.5860158311345647,P1,run_early
0,1,0,0,0,T_FF_test_167,T_FF,100,1675,FAIL,0.7440476190476191,0.5860119047619048,P1,run_early
0,0,0,0,0,T_FF_test_741,T_FF,100,7415,PASS,0.7439353099730458,0.5859838274932615,P1,run_early
0,1,0,0,0,T_FF_test_370,T_FF,100,3705,PASS,0.7439353099730458,0.5859838274932615,P1,run_early
1,1,0,0,0,T_FF_test_366,T_FF,100,3665,FAIL,0.7438692098092643,0.5859673024523161,P1,run_early
0,1,0,0,0,T_FF_test_405,T_FF,100,4055,FAIL,0.7438423645320197,0.5859605911330049,P1,run_early
1,1,0,0,0,T_FF_test_323,T_FF,100,3235,PASS,0.7438271604938271,0.5859567901234568,P1,run_early
0,0,0,0,0,T_FF_test_198,T_FF,100,1985,PASS,0.7437185929648241,0.5859296482412061,P1,run_early
1,0,0,1,0,T_FF_test_315,T_FF,100,3155,FAIL,0.7436708860759493,0.5859177215189874,P1,run_early
0,1,0,0,0,T_FF_test_194,T_FF,100,1945,PASS,0.7435897435897436,0.5858974358974359,P1,run_early
1,1,0,0,0,T_FF_test_740,T_FF,100,7405,PASS,0.7435897435897436,0.5858974358974359,P1,run_early
1,0,0,1,0,T_FF_test_389,T_FF,100,3895,PASS,0.7435897435897436,0.5858974358974359,P1,run_early
1,1,0,0,0,T_FF_test_190,T_FF,100,1905,PASS,0.743455497382199,0.5858638743455498,P1,run_early
0,0,0,0,0,T_FF_test_416,T_FF,100,4165,PASS,0.7434052757793765,0.5858513189448442,P1,run_early
0,0,0,0,0,T_FF_test_377,T_FF,100,3775,PASS,0.7433862433862434,0.5858465608465608,P1,run_early
1,1,0,0,0,T_FF_test_373,T_FF,100,3735,FAIL,0.7433155080213903,0.5858288770053476,P1,run_early
1,0,0,1,0,T_FF_test_408,T_FF,100,4085,FAIL,0.7432762836185819,0.5858190709046455,P1,run_early
1,1,0,0,0,T_FF_test_369,T_FF,100,3695,FAIL,0.7432432432432432,0.5858108108108109,P1,run_early
1,0,0,1,0,T_FF_test_739,T_FF,100,7395,PASS,0.7432432432432432,0.5858108108108109,P1,run_early
1,1,0,0,0,T_FF_test_735,T_FF,100,7355,PASS,0.7432065217391305,0.5858016304347826,P1,run_early
1,0,0,1,0,T_FF_test_322,T_FF,100,3225,PASS,0.7430340557275542,0.5857585139318886,P1,run_early
0,0,0,0,1,T_FF_test_711,T_FF,100,7115,PASS,0.7429775280898876,0.5857443820224719,P1,run_early
1,0,1,0,1,T_FF_test_318,T_FF,100,3185,FAIL,0.7429467084639498,0.5857366771159875,P1,run_early
1,0,1,0,0,T_FF_test_388,T_FF,100,3885,PASS,0.7429305912596401,0.5857326478149101,P1,run_early
1,0,0,1,1,T_FF_test_703,T_FF,100,7035,PASS,0.7428977272727273,0.5857244318181818,P1,run_early
0,1,1,0,0,T_FF_test_738,T_FF,100,7385,PASS,0.7428958051420839,0.585723951285521,P1,run_early
0,1,0,0,0,T_FF_test_419,T_FF,100,4195,PASS,0.7428571428571429,0.5857142857142857,P1,run_early
0,0,0,0,0,T_FF_test_174,T_FF,100,1745,PASS,0.7428571428571429,0.5857142857142857,P1,run_early
1,1,0,0,0,T_FF_test_734,T_FF,100,7345,PASS,0.7428571428571429,0.5857142857142857,P1,run_early
1,0,0,1,0,T_FF_test_695,T_FF,100,6955,PASS,0.742816091954023,0.5857040229885058,P1,run_early
1,0,0,1,1,T_FF_test_415,T_FF,100,4155,PASS,0.7427884615384616,0.5856971153846154,P1,run_early
1,0,1,0,0,T_FF_test_691,T_FF,100,6915,PASS,0.7427745664739884,0.5856936416184971,P1,run_early
0,1,0,0,0,T_FF_test_376,T_FF,100,3765,PASS,0.7427055702917772,0.5856763925729443,P1,run_early
1,1,0,0,0,T_FF_test_170,T_FF,100,1705,PASS,0.7426900584795322,0.5856725146198831,P1,run_early
0,1,0,0,0,T_FF_test_710,T_FF,100,7105,PASS,0.7426160337552743,0.5856540084388187,P1,run_early
0,1,0,0,0,T_FF_test_737,T_FF,100,7375,PASS,0.7425474254742548,0.5856368563685637,P1,run_early
0,0,0,0,0,T_FF_test_702,T_FF,100,7025,PASS,0.7425320056899004,0.5856330014224751,P1,run_early
0,1,0,0,0,T_FF_test_733,T_FF,100,7335,PASS,0.7425068119891008,0.5856267029972753,P1,run_early
1,0,0,1,0,T_FF_test_729,T_FF,100,7295,PASS,0.7424657534246575,0.5856164383561644,P1,run_early
1,0,0,1,1,T_FF_test_694,T_FF,100,6945,PASS,0.7424460431654676,0.5856115107913669,P1,run_early
1,1,1,0,0,T_FF_test_197,T_FF,100,1975,PASS,0.7424242424242424,0.5856060606060607,P1,run_early
0,0,0,0,0,T_FF_test_690,T_FF,100,6905,PASS,0.7424023154848046,0.5856005788712012,P1,run_early
1,1,0,0,0,T_FF_test_387,T_FF,100,3875,PASS,0.7422680412371134,0.5855670103092784,P1,run_early
1,1,0,0,0,T_FF_test_193,T_FF,100,1935,PASS,0.7422680412371134,0.5855670103092784,P1,run_early
0,0,0,0,0,T_FF_test_709,T_FF,100,7095,PASS,0.7422535211267606,0.5855633802816902,P1,run_early
1,1,0,0,0,T_FF_test_418,T_FF,100,4185,PASS,0.7422434367541766,0.5855608591885442,P1,run_early
0,1,0,0,0,T_FF_test_321,T_FF,100,3215,PASS,0.7422360248447205,0.5855590062111802,P1,run_early
0,1,0,0,0,T_FF_test_736,T_FF,100,7365,FAIL,0.7421981004070556,0.585549525101764,P1,run_early
0,1,0,0,0,T_FF_test_414,T_FF,100,4145,PASS,0.7421686746987952,0.5855421686746989,P1,run_early
1,1,0,0,0,T_FF_test_701,T_FF,100,7015,PASS,0.7421652421652422,0.5855413105413105,P1,run_early
1,1,0,0,0,T_FF_test_732,T_FF,100,7325,PASS,0.7421555252387448,0.5855388813096862,P1,run_early
1,1,0,0,0,T_FF_test_697,T_FF,100,6975,PASS,0.7421203438395415,0.5855300859598854,P1,run_early
0,0,0,0,0,T_FF_test_728,T_FF,100,7285,PASS,0.7421124828532236,0.585528120713306,P1,run_early
0,0,0,0,0,T_FF_test_379,T_FF,100,3795,FAIL,0.7421052631578947,0.5855263157894737,P1,run_early
0,0,0,0,0,T_FF_test_189,T_FF,100,1895,PASS,0.7421052631578947,0.5855263157894737,P1,run_early
1,0,0,1,0,T_FF_test_693,T_FF,100,6935,PASS,0.7420749279538905,0.5855187319884727,P1,run_early
1,1,0,0,0,T_FF_test_689,T_FF,100,6895,PASS,0.7420289855072464,0.5855072463768116,P1,run_early
0,0,0,0,0,T_FF_test_375,T_FF,100,3755,PASS,0.7420212765957447,0.5855053191489362,P1,run_early
0,1,0,0,0,T_FF_test_712,T_FF,100,7125,FAIL,0.7419354838709677,0.5854838709677419,P1,run_early
1,0,0,1,0,T_FF_test_708,T_FF,100,7085,PASS,0.7418899858956276,0.5854724964739069,P1,run_early
1,0,0,1,1,T_FF_test_704,T_FF,100,7045,FAIL,0.7418439716312056,0.5854609929078014,P1,run_early
1,1,1,0,0,T_FF_test_731,T_FF,100,7315,PASS,0.7418032786885246,0.5854508196721312,P1,run_early
0,1,0,0,0,T_FF_test_700,T_FF,100,7005,PASS,0.7417974322396577,0.5854493580599145,P1,run_early
1,0,0,1,0,T_FF_test_727,T_FF,100,7275,PASS,0.7417582417582418,0.5854395604395605,P1,run_early
1,1,0,0,0,T_FF_test_696,T_FF,100,6965,FAIL,0.7417503586800573,0.5854375896700144,P1,run_early
0,0,0,0,0,T_FF_test_692,T_FF,100,6925,FAIL,0.7417027417027418,0.5854256854256854,P1,run_early
1,0,0,1,0,T_FF_test_688,T_FF,100,6885,PASS,0.7416545718432511,0.5854136429608128,P1,run_early
1,1,0,0,0,T_FF_test_417,T_FF,100,4175,FAIL,0.7416267942583732,0.5854066985645934,P1,run_early
1,1,0,0,0,T_FF_test_684,T_FF,100,6845,PASS,0.7416058394160584,0.5854014598540146,P1,run_early
1,0,0,1,0,T_FF_test_386,T_FF,100,3865,PASS,0.7416020671834626,0.5854005167958657,P1,run_early
0,1,0,0,0,T_FF_test_177,T_FF,100,1775,PASS,0.7415730337078652,0.5853932584269663,P1,run_early
1,0,0,1,0,T_FF_test_413,T_FF,100,4135,PASS,0.7415458937198067,0.5853864734299516,P1,run_early
1,1,0,0,0,T_FF_test_707,T_FF,100,7075,PASS,0.7415254237288136,0.5853813559322034,P1,run_early
0,1,0,0,0,T_FF_test_409,T_FF,100,4095,FAIL,0.7414634146341463,0.5853658536585367,P1,run_early
1,0,0,1,0,T_FF_test_730,T_FF,100,7305,FAIL,0.7414500683994528,0.5853625170998632,P1,run_early
1,0,0,1,1,T_FF_test_320,T_FF,100,3205,PASS,0.7414330218068536,0.5853582554517134,P1,run_early
1,1,1,0,0,T_FF_test_699,T_FF,100,6995,PASS,0.7414285714285714,0.5853571428571429,P1,run_early
1,1,0,0,0,T_FF_test_726,T_FF,100,7265,PASS,0.7414030261348006,0.5853507565337002,P1,run_early
1,0,0,1,0,T_FF_test_173,T_FF,100,1735,PASS,0.7413793103448276,0.585344827586207,P1,run_early
1,0,0,1,1,T_FF_test_374,T_FF,100,3745,FAIL,0.7413333333333333,0.5853333333333334,P1,run_early
0,0,1,1,0,T_FF_test_687,T_FF,100,6875,PASS,0.7412790697674418,0.5853197674418604,P1,run_early
1,0,0,1,0,T_FF_test_683,T_FF,100,6835,PASS,0.7412280701754386,0.5853070175438597,P1,run_early
0,1,0,0,0,T_FF_test_169,T_FF,100,1695,PASS,0.7411764705882353,0.5852941176470589,P1,run_early
1,1,0,0,0,T_FF_test_706,T_FF,100,7065,PASS,0.7411598302687411,0.5852899575671853,P1,run_early
0,1,0,0,0,T_FF_test_196,T_FF,100,1965,PASS,0.7411167512690355,0.585279187817259,P1,run_early
0,0,0,0,0,T_FF_test_420,T_FF,100,4205,FAIL,0.7410926365795725,0.5852731591448932,P1,run_early
1,1,0,0,0,T_FF_test_698,T_FF,100,6985,FAIL,0.7410586552217453,0.5852646638054364,P1,run_early
1,0,0,1,0,T_FF_test_725,T_FF,100,7255,PASS,0.7410468319559229,0.5852617079889808,P1,run_early
1,1,0,0,0,T_FF_test_192,T_FF,100,1925,PASS,0.7409326424870466,0.5852331606217617,P1,run_early
1,0,0,1,0,T_FF_test_385,T_FF,100,3855,PASS,0.7409326424870466,0.5852331606217617,P1,run_early
0,1,0,0,0,T_FF_test_412,T_FF,100,4125,PASS,0.7409200968523002,0.585230024213075,P1,run_early
1,1,0,0,0,T_FF_test_686,T_FF,100,6865,PASS,0.7409024745269287,0.5852256186317322,P1,run_early
0,1,0,0,0,T_FF_test_713,T_FF,100,7135,FAIL,0.7408963585434174,0.5852240896358544,P1,run_early
0,1,0,0,0,T_FF_test_682,T_FF,100,6825,PASS,0.7408491947291361,0.5852122986822841,P1,run_early
0,0,0,0,0,T_FF_test_705,T_FF,100,7055,FAIL,0.7407932011331445,0.5851983002832861,P1,run_early
1,1,0,0,0,T_FF_test_53,T_FF,100,535,FAIL,0.7407407407407407,0.5851851851851853,P1,run_early
1,0,0,1,0,T_FF_test_188,T_FF,100,1885,PASS,0.7407407407407407,0.5851851851851853,P1,run_early
0,0,0,0,1,T_FF_test_724,T_FF,100,7245,PASS,0.7406896551724138,0.5851724137931035,P1,run_early
0,0,1,1,1,T_FF_test_319,T_FF,100,3195,FAIL,0.740625,0.58515625,P1,run_early
1,0,1,0,1,T_FF_test_685,T_FF,100,6855,FAIL,0.7405247813411079,0.585131195335277,P1,run_early
0,1,1,0,0,T_FF_test_681,T_FF,100,6815,PASS,0.7404692082111437,0.585117302052786,P1,run_early
1,0,0,1,0,T_FF_test_723,T_FF,100,7235,PASS,0.7403314917127072,0.5850828729281768,P1,run_early
1,0,0,1,1,T_FF_test_669,T_FF,100,6695,PASS,0.7402985074626866,0.5850746268656717,P1,run_early
0,1,1,0,0,T_FF_test_411,T_FF,100,4115,PASS,0.7402912621359223,0.5850728155339806,P1,run_early
1,0,0,1,0,T_FF_test_719,T_FF,100,7195,PASS,0.7402777777777778,0.5850694444444444,P1,run_early
1,1,0,0,0,T_FF_test_384,T_FF,100,3845,PASS,0.7402597402597403,0.5850649350649351,P1,run_early
1,1,0,0,0,T_FF_test_380,T_FF,100,3805,FAIL,0.7401574803149606,0.5850393700787402,P1,run_early
0,0,0,0,0,T_FF_test_176,T_FF,100,1765,PASS,0.7401129943502824,0.5850282485875706,P1,run_early
0,0,0,0,0,T_FF_test_680,T_FF,100,6805,PASS,0.7400881057268722,0.5850220264317181,P1,run_early
0,0,0,0,0,T_FF_test_49,T_FF,100,495,PASS,0.74,0.585,P1,run_early
0,0,0,0,0,T_FF_test_722,T_FF,100,7225,PASS,0.739972337482711,0.5849930843706778,P1,run_early
1,0,0,1,0,T_FF_test_718,T_FF,100,7185,PASS,0.7399165507649513,0.5849791376912379,P1,run_early
1,1,0,0,0,T_FF_test_668,T_FF,100,6685,PASS,0.7399103139013453,0.5849775784753364,P1,run_early
0,1,0,0,0,T_FF_test_172,T_FF,100,1725,FAIL,0.7398843930635838,0.584971098265896,P1,run_early
1,0,0,1,0,T_FF_test_714,T_FF,100,7145,FAIL,0.7398601398601399,0.584965034965035,P1,run_early
0,0,0,0,1,T_FF_test_664,T_FF,100,6645,PASS,0.7398496240601504,0.5849624060150376,P1,run_early
0,0,1,1,1,T_FF_test_195,T_FF,100,1955,FAIL,0.7397959183673469,0.5849489795918368,P1,run_early
0,1,1,0,0,T_FF_test_679,T_FF,100,6795,PASS,0.7397058823529412,0.5849264705882353,P1,run_early
0,0,0,0,0,T_FF_test_410,T_FF,100,4105,FAIL,0.7396593673965937,0.5849148418491484,P1,run_early
1,0,0,1,0,T_FF_test_168,T_FF,100,1685,FAIL,0.7396449704142012,0.5849112426035503,P1,run_early
0,1,0,0,0,T_FF_test_675,T_FF,100,6755,PASS,0.7396449704142012,0.5849112426035503,P1,run_early
0,1,0,0,0,T_FF_test_721,T_FF,100,7215,PASS,0.739612188365651,0.5849030470914127,P1,run_early
0,1,0,0,0,T_FF_test_191,T_FF,100,1915,FAIL,0.7395833333333334,0.5848958333333334,P1,run_early
1,0,0,1,0,T_FF_test_383,T_FF,100,3835,PASS,0.7395833333333334,0.5848958333333334,P1,run_early
1,1,0,0,0,T_FF_test_671,T_FF,100,6715,PASS,0.7395833333333334,0.5848958333333334,P1,run_early
0,1,0,0,0,T_FF_test_717,T_FF,100,7175,PASS,0.7395543175487466,0.5848885793871866,P1,run_early
0,0,0,0,0,T_FF_test_429,T_FF,100,4295,PASS,0.7395348837209302,0.5848837209302326,P1,run_early
0,1,0,0,0,T_FF_test_548,T_FF,100,5485,PASS,0.7395264116575592,0.5848816029143898,P1,run_early
0,1,0,0,0,T_FF_test_667,T_FF,100,6675,PASS,0.7395209580838323,0.5848802395209581,P1,run_early
0,1,0,0,0,T_FF_test_663,T_FF,100,6635,PASS,0.7394578313253012,0.5848644578313253,P1,run_early
1,0,0,1,0,T_FF_test_544,T_FF,100,5445,PASS,0.7394495412844037,0.5848623853211009,P1,run_early
0,0,0,0,1,T_FF_test_425,T_FF,100,4255,PASS,0.7394366197183099,0.5848591549295775,P1,run_early
1,1,1,0,0,T_FF_test_540,T_FF,100,5405,PASS,0.7393715341959335,0.5848428835489834,P1,run_early
0,1,0,0,0,T_FF_test_187,T_FF,100,1875,PASS,0.7393617021276596,0.584840425531915,P1,run_early
0,0,0,0,0,T_FF_test_421,T_FF,100,4215,FAIL,0.7393364928909952,0.5848341232227489,P1,run_early
0,1,0,0,0,T_FF_test_678,T_FF,100,6785,PASS,0.7393225331369662,0.5848306332842416,P1,run_early
1,0,0,1,0,T_FF_test_674,T_FF,100,6745,PASS,0.7392592592592593,0.5848148148148149,P1,run_early
1,1,0,0,0,T_FF_test_720,T_FF,100,7205,FAIL,0.739251040221914,0.5848127600554786,P1,run_early
1,1,0,0,0,T_FF_test_670,T_FF,100,6705,FAIL,0.7391952309985097,0.5847988077496274,P1,run_early
0,0,0,0,0,T_FF_test_716,T_FF,100,7165,PASS,0.7391910739191074,0.5847977684797769,P1,run_early
1,0,0,1,0,T_FF_test_45,T_FF,100,455,PASS,0.7391304347826086,0.5847826086956522,P1,run_early
0,0,0,0,1,T_FF_test_666,T_FF,100,6665,PASS,0.7391304347826086,0.5847826086956522,P1,run_early
0,1,1,0,0,T_FF_test_551,T_FF,100,5515,PASS,0.7391304347826086,0.5847826086956522,P1,run_early
1,0,0,1,0,T_FF_test_662,T_FF,100,6625,PASS,0.7390648567119156,0.5847662141779789,P1,run_early
0,1,0,0,0,T_FF_test_547,T_FF,100,5475,PASS,0.7390510948905109,0.5847627737226277,P1,run_early
0,0,0,0,0,T_FF_test_543,T_FF,100,5435,PASS,0.7389705882352942,0.5847426470588235,P1,run_early
0,0,0,0,0,T_FF_test_677,T_FF,100,6775,PASS,0.7389380530973452,0.5847345132743363,P1,run_early
1,0,0,1,0,T_FF_test_428,T_FF,100,4285,PASS,0.7389277389277389,0.5847319347319347,P1,run_early
1,0,0,1,1,T_FF_test_382,T_FF,100,3825,PASS,0.7389033942558747,0.5847258485639687,P1,run_early
1,1,1,0,0,T_FF_test_179,T_FF,100,1795,PASS,0.7388888888888889,0.5847222222222223,P1,run_early
1,0,0,1,0,T_FF_test_539,T_FF,100,5395,PASS,0.7388888888888889,0.5847222222222223,P1,run_early
1,0,0,1,1,T_FF_test_673,T_FF,100,6735,PASS,0.7388724035608308,0.5847181008902077,P1,run_early
0,1,1,0,0,T_FF_test_715,T_FF,100,7155,FAIL,0.7388268156424581,0.5847067039106145,P1,run_early
0,1,0,0,0,T_FF_test_424,T_FF,100,4245,PASS,0.7388235294117647,0.5847058823529412,P1,run_early
1,1,0,0,0,T_FF_test_554,T_FF,100,5545,PASS,0.7387387387387387,0.5846846846846847,P1,run_early
0,1,0,0,0,T_FF_test_665,T_FF,100,6655,FAIL,0.7387387387387387,0.5846846846846847,P1,run_early
0,0,0,0,0,T_FF_test_661,T_FF,100,6615,PASS,0.7386706948640483,0.5846676737160121,P1,run_early
0,1,0,0,0,T_FF_test_550,T_FF,100,5505,PASS,0.7386569872958257,0.5846642468239565,P1,run_early
1,1,0,0,0,T_FF_test_175,T_FF,100,1755,FAIL,0.7386363636363636,0.584659090909091,P1,run_early
0,1,0,0,0,T_FF_test_439,T_FF,100,4395,PASS,0.7386363636363636,0.584659090909091,P1,run_early
1,1,0,0,0,T_FF_test_546,T_FF,100,5465,PASS,0.7385740402193784,0.5846435100548446,P1,run_early
0,1,0,0,0,T_FF_test_676,T_FF,100,6765,FAIL,0.7385524372230429,0.5846381093057608,P1,run_early
0,1,0,0,0,T_FF_test_542,T_FF,100,5425,PASS,0.7384898710865562,0.5846224677716391,P1,run_early
1,0,0,1,0,T_FF_test_672,T_FF,100,6725,FAIL,0.7384843982169391,0.5846210995542348,P1,run_early
1,1,0,0,0,T_FF_test_538,T_FF,100,5385,PASS,0.738404452690167,0.5846011131725417,P1,run_early
1,1,0,0,0,T_FF_test_427,T_FF,100,4275,PASS,0.7383177570093458,0.5845794392523365,P1,run_early
0,1,0,0,0,T_FF_test_660,T_FF,100,6605,PASS,0.7382753403933434,0.5845688350983359,P1,run_early
1,1,0,0,0,T_FF_test_553,T_FF,100,5535,PASS,0.7382671480144405,0.5845667870036102,P1,run_early
0,0,0,0,0,T_FF_test_381,T_FF,100,3815,FAIL,0.7382198952879581,0.5845549738219895,P1,run_early
1,0,0,1,0,T_FF_test_423,T_FF,100,4235,PASS,0.7382075471698113,0.5845518867924528,P1,run_early
1,1,0,0,0,T_FF_test_549,T_FF,100,5495,FAIL,0.7381818181818182,0.5845454545454546,P1,run_early
1,1,0,0,0,T_FF_test_545,T_FF,100,5455,FAIL,0.7380952380952381,0.5845238095238096,P1,run_early
0,1,0,0,0,T_FF_test_438,T_FF,100,4385,PASS,0.7380410022779044,0.5845102505694761,P1,run_early
1,1,0,0,0,T_FF_test_541,T_FF,100,5415,FAIL,0.7380073800738007,0.5845018450184503,P1,run_early
1,1,0,0,0,T_FF_test_186,T_FF,100,1865,PASS,0.7379679144385026,0.5844919786096257,P1,run_early
0,1,0,0,0,T_FF_test_537,T_FF,100,5375,PASS,0.7379182156133829,0.5844795539033457,P1,run_early
1,1,0,0,0,T_FF_test_556,T_FF,100,5565,PASS,0.7378815080789947,0.5844703770197487,P1,run_early
0,1,0,0,0,T_FF_test_659,T_FF,100,6595,PASS,0.7378787878787879,0.584469696969697,P1,run_early
0,0,0,0,0,T_FF_test_430,T_FF,100,4305,FAIL,0.7378190255220418,0.5844547563805105,P1,run_early
1,0,0,1,0,T_FF_test_552,T_FF,100,5525,FAIL,0.7377938517179023,0.5844484629294756,P1,run_early
1,0,0,1,1,T_FF_test_426,T_FF,100,4265,FAIL,0.7377049180327869,0.5844262295081968,P1,run_early
1,1,1,0,0,T_FF_test_182,T_FF,100,1825,PASS,0.7377049180327869,0.5844262295081968,P1,run_early
0,0,0,0,0,T_FF_test_422,T_FF,100,4225,FAIL,0.7375886524822695,0.5843971631205673,P1,run_early
0,1,0,0,0,T_FF_test_563,T_FF,100,5635,PASS,0.7375886524822695,0.5843971631205673,P1,run_early
1,0,0,1,0,T_FF_test_559,T_FF,100,5595,PASS,0.7375,0.5843750000000001,P1,run_early
1,0,0,1,1,T_FF_test_658,T_FF,100,6585,PASS,0.7374810318664643,0.5843702579666161,P1,run_early
0,0,1,1,0,T_FF_test_437,T_FF,100,4375,PASS,0.7374429223744292,0.5843607305936074,P1,run_early
1,1,0,0,0,T_FF_test_536,T_FF,100,5365,PASS,0.7374301675977654,0.5843575418994413,P1,run_early
0,1,0,0,0,T_FF_test_178,T_FF,100,1785,FAIL,0.7374301675977654,0.5843575418994413,P1,run_early
1,1,0,0,0,T_FF_test_555,T_FF,100,5555,FAIL,0.737410071942446,0.5843525179856115,P1,run_early
1,0,0,1,0,T_FF_test_654,T_FF,100,6545,PASS,0.7374045801526717,0.584351145038168,P1,run_early
0,1,0,0,0,T_FF_test_433,T_FF,100,4335,PASS,0.7373271889400922,0.584331797235023,P1,run_early
0,1,0,0,0,T_FF_test_562,T_FF,100,5625,PASS,0.7371225577264654,0.5842806394316163,P1,run_early
0,1,0,0,0,T_FF_test_581,T_FF,100,5815,PASS,0.7371134020618557,0.584278350515464,P1,run_early
0,1,0,0,0,T_FF_test_657,T_FF,100,6575,PASS,0.7370820668693009,0.5842705167173252,P1,run_early
1,1,0,0,0,T_FF_test_558,T_FF,100,5585,PASS,0.7370304114490162,0.584257602862254,P1,run_early
1,1,0,0,0,T_FF_test_653,T_FF,100,6535,PASS,0.7370030581039755,0.5842507645259939,P1,run_early
0,1,0,0,0,T_FF_test_440,T_FF,100,4405,FAIL,0.7369614512471655,0.5842403628117914,P1,run_early
0,1,0,0,0,T_FF_test_535,T_FF,100,5355,PASS,0.7369402985074627,0.5842350746268656,P1,run_early
1,0,0,1,0,T_FF_test_436,T_FF,100,4365,PASS,0.7368421052631579,0.5842105263157895,P1,run_early
1,0,0,1,1,T_FF_test_565,T_FF,100,5655,PASS,0.7367491166077739,0.5841872791519435,P1,run_early
0,1,1,0,0,T_FF_test_432,T_FF,100,4325,PASS,0.7367205542725174,0.5841801385681293,P1,run_early
0,0,0,0,0,T_FF_test_656,T_FF,100,6565,PASS,0.7366818873668188,0.5841704718417047,P1,run_early
1,1,0,0,0,T_FF_test_580,T_FF,100,5805,PASS,0.7366609294320138,0.5841652323580034,P1,run_early
0,0,0,0,0,T_FF_test_561,T_FF,100,5615,PASS,0.7366548042704626,0.5841637010676157,P1,run_early
1,1,0,0,0,T_FF_test_652,T_FF,100,6525,PASS,0.7366003062787136,0.5841500765696784,P1,run_early
1,0,0,1,0,T_FF_test_185,T_FF,100,1855,PASS,0.7365591397849462,0.5841397849462366,P1,run_early
1,0,0,1,1,T_FF_test_557,T_FF,100,5575,FAIL,0.7365591397849462,0.5841397849462366,P1,run_early
0,1,1,0,0,T_FF_test_648,T_FF,100,6485,PASS,0.736517719568567,0.5841294298921418,P1,run_early
0,0,0,0,0,T_FF_test_443,T_FF,100,4435,PASS,0.7364864864864865,0.5841216216216216,P1,run_early
1,0,0,1,0,T_FF_test_572,T_FF,100,5725,PASS,0.7364746945898778,0.5841186736474695,P1,run_early
1,1,0,0,0,T_FF_test_534,T_FF,100,5345,PASS,0.7364485981308411,0.5841121495327103,P1,run_early
1,0,0,1,0,T_FF_test_564,T_FF,100,5645,FAIL,0.736283185840708,0.584070796460177,P1,run_early
1,0,0,1,1,T_FF_test_655,T_FF,100,6555,FAIL,0.7362804878048781,0.5840701219512195,P1,run_early
1,1,1,0,0,T_FF_test_181,T_FF,100,1815,PASS,0.7362637362637363,0.5840659340659341,P1,run_early
1,1,0,0,0,T_FF_test_435,T_FF,100,4355,PASS,0.7362385321100917,0.584059633027523,P1,run_early
0,1,0,0,0,T_FF_test_579,T_FF,100,5795,PASS,0.7362068965517241,0.584051724137931,P1,run_early
0,1,0,0,0,T_FF_test_651,T_FF,100,6515,PASS,0.7361963190184049,0.5840490797546012,P1,run_early
1,0,0,1,0,T_FF_test_560,T_FF,100,5605,FAIL,0.7361853832442068,0.5840463458110517,P1,run_early
0,0,0,0,1,T_FF_test_431,T_FF,100,4315,FAIL,0.7361111111111112,0.5840277777777778,P1,run_early
0,0,1,1,1,T_FF_test_647,T_FF,100,6475,PASS,0.7361111111111112,0.5840277777777778,P1,run_early
0,0,1,1,1,T_FF_test_571,T_FF,100,5715,PASS,0.736013986013986,0.5840034965034966,P1,run_early
0,0,1,1,1,T_FF_test_533,T_FF,100,5335,PASS,0.7359550561797753,0.5839887640449438,P1,run_early
1,1,1,0,0,T_FF_test_442,T_FF,100,4425,PASS,0.7358916478555305,0.5839729119638827,P1,run_early
0,0,0,0,0,T_FF_test_582,T_FF,100,5825,FAIL,0.7358490566037735,0.5839622641509434,P1,run_early
1,1,0,0,0,T_FF_test_650,T_FF,100,6505,PASS,0.7357910906298003,0.5839477726574501,P1,run_early
1,0,0,1,0,T_FF_test_578,T_FF,100,5785,PASS,0.7357512953367875,0.5839378238341969,P1,run_early
0,0,0,0,1,T_FF_test_646,T_FF,100,6465,PASS,0.7357032457496137,0.5839258114374034,P1,run_early
1,0,1,0,1,T_FF_test_574,T_FF,100,5745,PASS,0.7356521739130435,0.5839130434782609,P1,run_early
0,0,1,1,0,T_FF_test_434,T_FF,100,4345,FAIL,0.735632183908046,0.5839080459770115,P1,run_early
0,1,0,0,0,T_FF_test_449,T_FF,100,4495,PASS,0.7355555555555555,0.5838888888888889,P1,run_early
1,1,0,0,0,T_FF_test_570,T_FF,100,5705,PASS,0.7355516637478109,0.5838879159369528,P1,run_early
0,0,0,0,0,T_FF_test_532,T_FF,100,5325,PASS,0.7354596622889306,0.5838649155722326,P1,run_early
0,0,0,0,0,T_FF_test_566,T_FF,100,5665,FAIL,0.7354497354497355,0.5838624338624339,P1,run_early
1,0,0,1,0,T_FF_test_445,T_FF,100,4455,PASS,0.7354260089686099,0.5838565022421525,P1,run_early
1,0,0,1,1,T_FF_test_615,T_FF,100,6155,PASS,0.7353896103896104,0.5838474025974026,P1,run_early
1,0,1,0,0,T_FF_test_649,T_FF,100,6495,FAIL,0.7353846153846154,0.5838461538461539,P1,run_early
0,1,0,0,0,T_FF_test_596,T_FF,100,5965,PASS,0.7353433835845896,0.5838358458961475,P1,run_early
0,0,0,0,0,T_FF_test_577,T_FF,100,5775,PASS,0.7352941176470589,0.5838235294117647,P1,run_early
0,0,0,0,0,T_FF_test_441,T_FF,100,4415,FAIL,0.7352941176470589,0.5838235294117647,P1,run_early
0,0,0,0,0,T_FF_test_645,T_FF,100,6455,PASS,0.7352941176470589,0.5838235294117647,P1,run_early
0,1,0,0,0,T_FF_test_573,T_FF,100,5735,FAIL,0.735191637630662,0.5837979094076655,P1,run_early
0,1,0,0,0,T_FF_test_184,T_FF,100,1845,PASS,0.7351351351351352,0.5837837837837838,P1,run_early
0,0,0,0,0,T_FF_test_569,T_FF,100,5695,PASS,0.7350877192982456,0.5837719298245614,P1,run_early
1,0,0,1,0,T_FF_test_584,T_FF,100,5845,PASS,0.7350427350427351,0.5837606837606838,P1,run_early
0,1,0,0,0,T_FF_test_599,T_FF,100,5995,PASS,0.735,0.58375,P1,run_early
0,0,0,0,0,T_FF_test_448,T_FF,100,4485,PASS,0.734966592427617,0.5837416481069042,P1,run_early
0,1,0,0,0,T_FF_test_531,T_FF,100,5315,PASS,0.7349624060150376,0.5837406015037594,P1,run_early
0,0,0,0,0,T_FF_test_614,T_FF,100,6145,PASS,0.734959349593496,0.583739837398374,P1,run_early
1,1,0,0,0,T_FF_test_595,T_FF,100,5955,PASS,0.7348993288590604,0.5837248322147651,P1,run_early
1,0,0,1,0,T_FF_test_644,T_FF,100,6445,PASS,0.7348837209302326,0.5837209302325581,P1,run_early
1,0,0,1,1,T_FF_test_576,T_FF,100,5765,PASS,0.7348353552859619,0.5837088388214905,P1,run_early
0,1,1,0,0,T_FF_test_444,T_FF,100,4445,FAIL,0.7348314606741573,0.5837078651685393,P1,run_early
0,0,0,0,0,T_FF_test_625,T_FF,100,6255,PASS,0.7348242811501597,0.58370607028754,P1,run_early
1,1,0,0,0,T_FF_test_180,T_FF,100,1805,FAIL,0.7348066298342542,0.5837016574585636,P1,run_early
0,1,0,0,0,T_FF_test_621,T_FF,100,6215,PASS,0.7347266881028939,0.5836816720257235,P1,run_early
1,1,0,0,0,T_FF_test_48,T_FF,100,485,PASS,0.7346938775510204,0.5836734693877551,P1,run_early
1,1,0,0,0,T_FF_test_568,T_FF,100,5685,PASS,0.7346221441124781,0.5836555360281195,P1,run_early
0,1,0,0,0,T_FF_test_470,T_FF,100,4705,PASS,0.7346072186836518,0.5836518046709129,P1,run_early
1,1,0,0,0,T_FF_test_583,T_FF,100,5835,FAIL,0.7345890410958904,0.5836472602739726,P1,run_early
1,1,0,0,0,T_FF_test_598,T_FF,100,5985,PASS,0.7345575959933222,0.5836393989983306,P1,run_early
0,1,0,0,0,T_FF_test_613,T_FF,100,6135,PASS,0.7345276872964169,0.5836319218241043,P1,run_early
1,1,0,0,0,T_FF_test_643,T_FF,100,6435,PASS,0.734472049689441,0.5836180124223602,P1,run_early
1,1,0,0,0,T_FF_test_530,T_FF,100,5305,PASS,0.7344632768361582,0.5836158192090396,P1,run_early
0,1,0,0,0,T_FF_test_594,T_FF,100,5945,PASS,0.7344537815126051,0.5836134453781513,P1,run_early
1,0,0,1,0,T_FF_test_624,T_FF,100,6245,PASS,0.7344,0.5836,P1,run_early
1,0,0,1,1,T_FF_test_575,T_FF,100,5755,FAIL,0.734375,0.58359375,P1,run_early
0,0,1,1,0,T_FF_test_447,T_FF,100,4475,PASS,0.734375,0.58359375,P1,run_early
0,0,0,0,0,T_FF_test_620,T_FF,100,6205,PASS,0.7342995169082126,0.5835748792270532,P1,run_early
0,0,0,0,0,T_FF_test_586,T_FF,100,5865,PASS,0.7342419080068143,0.5835604770017035,P1,run_early
0,0,0,0,0,T_FF_test_616,T_FF,100,6165,FAIL,0.7341977309562399,0.58354943273906,P1,run_early
0,1,0,0,0,T_FF_test_473,T_FF,100,4735,PASS,0.7341772151898734,0.5835443037974684,P1,run_early
0,1,0,0,0,T_FF_test_567,T_FF,100,5675,FAIL,0.7341549295774648,0.5835387323943662,P1,run_early
0,1,0,0,0,T_FF_test_597,T_FF,100,5975,FAIL,0.7341137123745819,0.5835284280936455,P1,run_early
1,1,0,0,0,T_FF_test_612,T_FF,100,6125,PASS,0.734094616639478,0.5835236541598695,P1,run_early
0,1,0,0,0,T_FF_test_642,T_FF,100,6425,PASS,0.7340590979782271,0.5835147744945568,P1,run_early
0,1,0,0,0,T_FF_test_469,T_FF,100,4695,PASS,0.7340425531914894,0.5835106382978723,P1,run_early
0,1,0,0,0,T_FF_test_593,T_FF,100,5935,PASS,0.734006734006734,0.5835016835016835,P1,run_early
0,1,0,0,0,T_FF_test_608,T_FF,100,6085,PASS,0.7339901477832512,0.5834975369458129,P1,run_early
1,0,0,1,0,T_FF_test_623,T_FF,100,6235,PASS,0.7339743589743589,0.5834935897435898,P1,run_early
1,1,0,0,0,T_FF_test_529,T_FF,100,5295,PASS,0.7339622641509433,0.5834905660377359,P1,run_early
0,0,0,0,0,T_FF_test_450,T_FF,100,4505,FAIL,0.7339246119733924,0.5834811529933481,P1,run_early
1,0,0,1,0,T_FF_test_589,T_FF,100,5895,PASS,0.7338983050847457,0.5834745762711865,P1,run_early
0,1,0,0,0,T_FF_test_604,T_FF,100,6045,PASS,0.7338842975206612,0.5834710743801653,P1,run_early
1,0,0,1,0,T_FF_test_619,T_FF,100,6195,PASS,0.7338709677419355,0.5834677419354839,P1,run_early
1,0,0,1,1,T_FF_test_585,T_FF,100,5855,FAIL,0.7337883959044369,0.5834470989761092,P1,run_early
1,1,1,0,0,T_FF_test_446,T_FF,100,4465,FAIL,0.7337807606263982,0.5834451901565996,P1,run_early
1,1,0,0,0,T_FF_test_600,T_FF,100,6005,FAIL,0.7337770382695508,0.5834442595673877,P1,run_early
1,1,0,0,0,T_FF_test_183,T_FF,100,1835,FAIL,0.7336956521739131,0.5834239130434783,P1,run_early
1,1,0,0,0,T_FF_test_611,T_FF,100,6115,PASS,0.7336601307189542,0.5834150326797386,P1,run_early
0,0,0,0,0,T_FF_test_626,T_FF,100,6265,FAIL,0.733652312599681,0.5834130781499203,P1,run_early
0,0,0,0,0,T_FF_test_641,T_FF,100,6415,PASS,0.7336448598130841,0.5834112149532711,P1,run_early
0,1,0,0,0,T_FF_test_472,T_FF,100,4725,PASS,0.733615221987315,0.5834038054968288,P1,run_early
1,0,0,1,0,T_FF_test_592,T_FF,100,5925,PASS,0.7335581787521079,0.5833895446880271,P1,run_early
1,0,0,1,1,T_FF_test_607,T_FF,100,6075,PASS,0.7335526315789473,0.5833881578947369,P1,run_early
1,1,1,0,0,T_FF_test_622,T_FF,100,6225,FAIL,0.7335473515248796,0.5833868378812199,P1,run_early
1,1,0,0,0,T_FF_test_453,T_FF,100,4535,PASS,0.7334801762114538,0.5833700440528635,P1,run_early
1,1,0,0,0,T_FF_test_468,T_FF,100,4685,PASS,0.7334754797441365,0.5833688699360342,P1,run_early
0,1,0,0,0,T_FF_test_528,T_FF,100,5285,PASS,0.7334593572778828,0.5833648393194707,P1,run_early
1,0,0,1,0,T_FF_test_588,T_FF,100,5885,PASS,0.733446519524618,0.5833616298811546,P1,run_early
0,0,0,0,1,T_FF_test_603,T_FF,100,6035,PASS,0.7334437086092715,0.5833609271523179,P1,run_early
1,1,1,0,0,T_FF_test_618,T_FF,100,6185,PASS,0.7334410339256866,0.5833602584814217,P1,run_early
1,1,0,0,0,T_FF_test_479,T_FF,100,4795,PASS,0.7333333333333333,0.5833333333333334,P1,run_early
1,1,0,0,0,T_FF_test_44,T_FF,100,445,PASS,0.7333333333333333,0.5833333333333334,P1,run_early
0,1,0,0,0,T_FF_test_464,T_FF,100,4645,PASS,0.7333333333333333,0.5833333333333334,P1,run_early
1,1,0,0,0,T_FF_test_640,T_FF,100,6405,PASS,0.733229329173167,0.5833073322932918,P1,run_early
0,0,0,0,0,T_FF_test_610,T_FF,100,6105,PASS,0.7332242225859247,0.5833060556464812,P1,run_early
1,1,0,0,0,T_FF_test_606,T_FF,100,6065,PASS,0.7331136738056013,0.5832784184514004,P1,run_early
1,0,0,1,0,T_FF_test_591,T_FF,100,5915,PASS,0.7331081081081081,0.5832770270270271,P1,run_early
1,1,0,0,0,T_FF_test_501,T_FF,100,5015,PASS,0.7330677290836654,0.5832669322709163,P1,run_early
1,1,0,0,0,T_FF_test_471,T_FF,100,4715,FAIL,0.7330508474576272,0.5832627118644068,P1,run_early
0,0,0,0,0,T_FF_test_456,T_FF,100,4565,PASS,0.7330415754923414,0.5832603938730854,P1,run_early
1,0,0,1,0,T_FF_test_632,T_FF,100,6325,PASS,0.7330173775671406,0.5832543443917851,P1,run_early
1,1,0,0,0,T_FF_test_617,T_FF,100,6175,FAIL,0.7330097087378641,0.583252427184466,P1,run_early
1,0,0,1,0,T_FF_test_602,T_FF,100,6025,PASS,0.7330016583747927,0.5832504145936982,P1,run_early
0,0,0,0,1,T_FF_test_587,T_FF,100,5875,FAIL,0.7329931972789115,0.5832482993197279,P1,run_early
1,0,1,0,1,T_FF_test_527,T_FF,100,5275,PASS,0.7329545454545454,0.5832386363636364,P1,run_early
0,0,1,1,0,T_FF_test_628,T_FF,100,6285,PASS,0.7329093799682035,0.5832273449920509,P1,run_early
1,1,0,0,0,T_FF_test_467,T_FF,100,4675,PASS,0.7329059829059829,0.5832264957264958,P1,run_early
1,1,0,0,0,T_FF_test_452,T_FF,100,4525,PASS,0.7328918322295805,0.5832229580573951,P1,run_early
1,0,0,1,0,T_FF_test_523,T_FF,100,5235,PASS,0.732824427480916,0.583206106870229,P1,run_early
0,1,0,0,0,T_FF_test_639,T_FF,100,6395,PASS,0.7328125,0.583203125,P1,run_early
0,1,0,0,0,T_FF_test_493,T_FF,100,4935,PASS,0.7327935222672065,0.5831983805668016,P1,run_early
1,1,0,0,0,T_FF_test_609,T_FF,100,6095,FAIL,0.7327868852459016,0.5831967213114755,P1,run_early
1,1,0,0,0,T_FF_test_478,T_FF,100,4785,PASS,0.732776617954071,0.5831941544885177,P1,run_early
0,1,0,0,0,T_FF_test_463,T_FF,100,4635,PASS,0.7327586206896551,0.5831896551724138,P1,run_early
1,0,0,1,0,T_FF_test_635,T_FF,100,6355,PASS,0.7327044025157232,0.5831761006289309,P1,run_early
1,1,0,0,0,T_FF_test_605,T_FF,100,6055,FAIL,0.7326732673267327,0.5831683168316832,P1,run_early
0,0,0,0,0,T_FF_test_590,T_FF,100,5905,FAIL,0.7326565143824028,0.5831641285956007,P1,run_early
0,0,0,0,0,T_FF_test_474,T_FF,100,4745,FAIL,0.7326315789473684,0.5831578947368421,P1,run_early
1,1,0,0,0,T_FF_test_459,T_FF,100,4595,PASS,0.7326086956521739,0.5831521739130435,P1,run_early
0,0,0,0,0,T_FF_test_631,T_FF,100,6315,PASS,0.7325949367088608,0.5831487341772152,P1,run_early
0,0,0,0,0,T_FF_test_601,T_FF,100,6015,FAIL,0.7325581395348837,0.583139534883721,P1,run_early
1,0,0,1,0,T_FF_test_500,T_FF,100,5005,PASS,0.7325349301397206,0.5831337325349302,P1,run_early
1,0,0,1,1,T_FF_test_627,T_FF,100,6275,FAIL,0.732484076433121,0.5831210191082803,P1,run_early
1,0,1,0,0,T_FF_test_455,T_FF,100,4555,PASS,0.7324561403508771,0.5831140350877193,P1,run_early
1,0,0,1,1,T_FF_test_526,T_FF,100,5265,PASS,0.7324478178368121,0.583111954459203,P1,run_early
0,1,1,0,0,T_FF_test_496,T_FF,100,4965,PASS,0.7323943661971831,0.5830985915492958,P1,run_early
1,1,0,0,0,T_FF_test_638,T_FF,100,6385,PASS,0.7323943661971831,0.5830985915492958,P1,run_early
1,0,0,1,0,T_FF_test_466,T_FF,100,4665,PASS,0.7323340471092077,0.5830835117773019,P1,run_early
0,0,0,0,1,T_FF_test_522,T_FF,100,5225,PASS,0.7323135755258127,0.5830783938814532,P1,run_early
0,0,1,1,1,T_FF_test_451,T_FF,100,4515,FAIL,0.7323008849557522,0.5830752212389381,P1,run_early
0,1,1,0,0,T_FF_test_634,T_FF,100,6345,PASS,0.7322834645669292,0.5830708661417323,P1,run_early
0,1,0,0,0,T_FF_test_492,T_FF,100,4925,PASS,0.7322515212981744,0.5830628803245437,P1,run_early
1,0,0,1,0,T_FF_test_477,T_FF,100,4775,PASS,0.7322175732217573,0.5830543933054393,P1,run_early
1,1,0,0,0,T_FF_test_462,T_FF,100,4625,PASS,0.7321814254859611,0.5830453563714904,P1,run_early
1,1,0,0,0,T_FF_test_630,T_FF,100,6305,PASS,0.7321711568938193,0.5830427892234549,P1,run_early
0,1,0,0,0,T_FF_test_503,T_FF,100,5035,PASS,0.7321428571428571,0.5830357142857143,P1,run_early
1,1,0,0,0,T_FF_test_458,T_FF,100,4585,PASS,0.7320261437908496,0.5830065359477125,P1,run_early
1,1,0,0,0,T_FF_test_499,T_FF,100,4995,PASS,0.732,0.583,P1,run_early
1,0,0,1,0,T_FF_test_637,T_FF,100,6375,PASS,0.731974921630094,0.5829937304075236,P1,run_early
0,0,0,0,1,T_FF_test_525,T_FF,100,5255,PASS,0.7319391634980988,0.5829847908745247,P1,run_early
0,0,1,1,1,T_FF_test_454,T_FF,100,4545,FAIL,0.7318681318681318,0.582967032967033,P1,run_early
1,0,1,0,1,T_FF_test_633,T_FF,100,6335,FAIL,0.7318611987381703,0.5829652996845426,P1,run_early
0,1,1,0,0,T_FF_test_495,T_FF,100,4955,PASS,0.7318548387096774,0.5829637096774194,P1,run_early
0,1,0,0,0,T_FF_test_480,T_FF,100,4805,FAIL,0.7318087318087318,0.582952182952183,P1,run_early
1,1,0,0,0,T_FF_test_521,T_FF,100,5215,PASS,0.7318007662835249,0.5829501915708812,P1,run_early
0,0,0,0,0,T_FF_test_465,T_FF,100,4655,FAIL,0.7317596566523605,0.5829399141630902,P1,run_early
0,1,0,0,0,T_FF_test_629,T_FF,100,6295,FAIL,0.7317460317460317,0.582936507936508,P1,run_early
1,1,0,0,0,T_FF_test_491,T_FF,100,4915,PASS,0.7317073170731707,0.5829268292682928,P1,run_early
0,1,0,0,0,T_FF_test_476,T_FF,100,4765,PASS,0.7316561844863732,0.5829140461215934,P1,run_early
0,1,0,0,0,T_FF_test_502,T_FF,100,5025,FAIL,0.731610337972167,0.5829025844930418,P1,run_early
0,1,0,0,0,T_FF_test_461,T_FF,100,4615,PASS,0.7316017316017316,0.5829004329004329,P1,run_early
0,0,0,0,0,T_FF_test_636,T_FF,100,6365,FAIL,0.7315541601255887,0.5828885400313972,P1,run_early
0,1,0,0,0,T_FF_test_498,T_FF,100,4985,PASS,0.7314629258517034,0.5828657314629259,P1,run_early
1,0,0,1,0,T_FF_test_457,T_FF,100,4575,FAIL,0.7314410480349345,0.5828602620087336,P1,run_early
0,0,0,0,1,T_FF_test_524,T_FF,100,5245,FAIL,0.7314285714285714,0.5828571428571429,P1,run_early
1,1,1,0,0,T_FF_test_494,T_FF,100,4945,FAIL,0.7313131313131314,0.5828282828282829,P1,run_early
1,0,0,1,0,T_FF_test_520,T_FF,100,5205,PASS,0.7312859884836852,0.5828214971209214,P1,run_early
0,0,0,0,1,T_FF_test_505,T_FF,100,5055,PASS,0.7312252964426877,0.582806324110672,P1,run_early
1,1,1,0,0,T_FF_test_490,T_FF,100,4905,PASS,0.7311608961303462,0.5827902240325866,P1,run_early
0,1,0,0,0,T_FF_test_475,T_FF,100,4755,FAIL,0.7310924369747899,0.5827731092436975,P1,run_early
0,0,0,0,0,T_FF_test_460,T_FF,100,4605,FAIL,0.7310195227765727,0.5827548806941432,P1,run_early
0,1,0,0,0,T_FF_test_497,T_FF,100,4975,FAIL,0.7309236947791165,0.5827309236947791,P1,run_early
0,0,0,0,0,T_FF_test_482,T_FF,100,4825,PASS,0.7308488612836439,0.582712215320911,P1,run_early
0,1,0,0,0,T_FF_test_519,T_FF,100,5195,PASS,0.7307692307692307,0.5826923076923077,P1,run_early
1,1,0,0,0,T_FF_test_504,T_FF,100,5045,FAIL,0.7306930693069307,0.5826732673267327,P1,run_early
1,1,0,0,0,T_FF_test_489,T_FF,100,4895,PASS,0.7306122448979592,0.5826530612244898,P1,run_early
0,0,0,0,0,T_FF_test_485,T_FF,100,4855,PASS,0.7304526748971193,0.5826131687242798,P1,run_early
1,1,0,0,0,T_FF_test_481,T_FF,100,4815,FAIL,0.7302904564315352,0.5825726141078839,P1,run_early
1,0,0,1,0,T_FF_test_518,T_FF,100,5185,PASS,0.7302504816955684,0.5825626204238921,P1,run_early
1,0,0,1,1,T_FF_test_514,T_FF,100,5145,PASS,0.7300970873786408,0.5825242718446602,P1,run_early
1,1,1,0,0,T_FF_test_488,T_FF,100,4885,PASS,0.7300613496932515,0.582515337423313,P1,run_early
1,0,0,1,0,T_FF_test_484,T_FF,100,4845,PASS,0.7298969072164948,0.5824742268041238,P1,run_early
0,0,0,0,1,T_FF_test_506,T_FF,100,5065,FAIL,0.7297830374753451,0.5824457593688364,P1,run_early
0,0,1,1,1,T_FF_test_517,T_FF,100,5175,PASS,0.7297297297297297,0.5824324324324325,P1,run_early
0,1,1,0,0,T_FF_test_513,T_FF,100,5135,PASS,0.7295719844357976,0.5823929961089495,P1,run_early
0,1,0,0,0,T_FF_test_487,T_FF,100,4875,PASS,0.7295081967213115,0.582377049180328,P1,run_early
0,0,0,0,0,T_FF_test_483,T_FF,100,4835,FAIL,0.7293388429752066,0.5823347107438017,P1,run_early
0,0,0,0,0,T_FF_test_516,T_FF,100,5165,PASS,0.7292069632495164,0.5823017408123792,P1,run_early
1,0,0,1,0,T_FF_test_47,T_FF,100,475,FAIL,0.7291666666666666,0.5822916666666667,P1,run_early
0,1,0,0,0,T_FF_test_512,T_FF,100,5125,PASS,0.7290448343079922,0.582261208576998,P1,run_early
1,0,0,1,0,T_FF_test_486,T_FF,100,4865,FAIL,0.728952772073922,0.5822381930184806,P1,run_early
0,1,0,0,0,T_FF_test_515,T_FF,100,5155,FAIL,0.7286821705426356,0.5821705426356589,P1,run_early
0,1,0,0,0,T_FF_test_511,T_FF,100,5115,PASS,0.728515625,0.58212890625,P1,run_early
0,0,0,0,0,T_FF_test_507,T_FF,100,5075,FAIL,0.7283464566929134,0.5820866141732284,P1,run_early
1,0,0,1,0,T_FF_test_510,T_FF,100,5105,PASS,0.7279843444227005,0.5819960861056752,P1,run_early
0,0,0,0,1,T_FF_test_509,T_FF,100,5095,PASS,0.7274509803921568,0.5818627450980393,P1,run_early
0,1,1,0,0,T_FF_test_43,T_FF,100,435,FAIL,0.7272727272727273,0.5818181818181818,P1,run_early
0,0,0,0,0,T_FF_test_508,T_FF,100,5085,FAIL,0.7269155206286837,0.581728880157171,P1,run_early
0,1,0,0,0,T_FF_test_14,T_FF,87,145,PASS,0.6,0.5804038886433938,P1,run_early
0,1,0,0,0,T_FF_test_4,T_FF,37,45,PASS,0.8,0.5671304347826087,P1,run_early
0,1,0,0,0,T_FF_test_15,T_FF,87,155,PASS,0.625,0.5553169975186104,P1,run_early
0,1,0,0,0,T_FF_test_9,T_FF,62,95,FAIL,0.6,0.5453387096774194,P1,run_early
0,1,0,0,0,T_FF_test_12,T_FF,75,125,PASS,0.6153846153846154,0.5364267990074442,P1,run_early
1,1,0,0,0,T_FF_test_16,T_FF,87,165,PASS,0.6470588235294118,0.5332703413273588,P1,run_early
0,0,0,0,0,T_FF_test_33,T_FF,87,335,PASS,0.7352941176470589,0.5318235294117648,P1,run_early
1,1,0,0,0,T_FF_test_32,T_FF,87,325,PASS,0.7272727272727273,0.5298181818181819,P1,run_early
1,1,0,0,0,T_FF_test_35,T_FF,87,355,PASS,0.7222222222222222,0.5285555555555556,P1,run_early
0,1,0,0,0,T_FF_test_31,T_FF,87,315,PASS,0.71875,0.5276875000000001,P1,run_early
1,1,0,0,0,T_FF_test_34,T_FF,87,345,FAIL,0.7142857142857143,0.5265714285714286,P1,run_early
0,0,0,0,0,T_FF_test_17,T_FF,87,175,PASS,0.6666666666666666,0.5257517106549365,P1,run_early
1,0,0,1,0,T_FF_test_30,T_FF,87,305,PASS,0.7096774193548387,0.5254193548387097,P1,run_early
1,1,0,0,0,T_FF_test_19,T_FF,87,195,PASS,0.7,0.523,P1,run_early
1,0,0,1,0,T_FF_test_29,T_FF,87,295,PASS,0.7,0.523,P1,run_early
1,0,0,1,1,T_FF_test_28,T_FF,87,285,PASS,0.6896551724137931,0.5204137931034483,P1,run_early
1,0,1,0,0,T_FF_test_18,T_FF,87,185,PASS,0.6842105263157895,0.5190526315789474,P1,run_early
1,1,0,0,0,T_FF_test_27,T_FF,87,275,PASS,0.6785714285714286,0.5176428571428572,P1,run_early
1,1,0,0,0,T_FF_test_26,T_FF,87,265,PASS,0.6666666666666666,0.5146666666666667,P1,run_early
1,1,0,0,0,T_FF_test_20,T_FF,87,205,FAIL,0.6666666666666666,0.5146666666666667,P1,run_early
1,1,0,0,0,T_FF_test_25,T_FF,87,255,PASS,0.6538461538461539,0.5114615384615385,P1,run_early
1,0,0,1,0,T_FF_test_24,T_FF,87,245,PASS,0.64,0.508,P1,run_early
1,1,0,0,0,T_FF_test_21,T_FF,87,215,FAIL,0.6363636363636364,0.5070909090909091,P1,run_early
0,1,0,0,0,T_FF_test_23,T_FF,87,235,PASS,0.625,0.5042500000000001,P1,run_early
1,1,0,0,0,T_FF_test_10,T_FF,62,105,PASS,0.6363636363636364,0.5021852487135505,P1,run_early
0,1,0,0,0,T_FF_test_22,T_FF,87,225,FAIL,0.6086956521739131,0.5001739130434784,P1,run_early
0,0,0,0,0,T_FF_test_13,T_FF,75,135,FAIL,0.5714285714285714,0.4894795337489835,P2,run_normal
1,0,0,1,0,T_FF_test_8,T_FF,50,85,PASS,0.6666666666666666,0.4649712428107027,P2,run_normal
1,1,0,0,0,T_FF_test_5,T_FF,37,55,PASS,0.8333333333333334,0.46375268817204296,P2,run_normal
1,1,0,0,0,T_FF_test_11,T_FF,62,115,FAIL,0.5833333333333334,0.4456909529106414,P2,run_normal
1,1,0,0,0,T_FF_test_6,T_FF,37,65,FAIL,0.7142857142857143,0.35613154587348134,P2,run_normal
0,0,0,0,0,T_FF_test_7,T_FF,37,75,FAIL,0.625,0.30425,P2,run_normal
